2026-05-30 00:42:03 [INFO] 日志将同时输出到文件: backtest_results/backtest.log (级别: INFO)
2026-05-30 00:42:03 [INFO] ============================================================
2026-05-30 00:42:03 [INFO] 开始回测: 2025-01-01 至 2025-06-01
2026-05-30 00:42:03 [INFO] 初始资金: 100,000.00
2026-05-30 00:42:03 [INFO] 回测频率: day
2026-05-30 00:42:03 [INFO] 日志文件: backtest_results/backtest.log
2026-05-30 00:42:03 [INFO] ============================================================
2026-05-30 00:42:03 [INFO] 加载策略文件: src/learning01/main.py
2026-05-30 00:42:03 [INFO] 策略文件加载成功
2026-05-30 00:42:03 [INFO] 调用策略初始化函数...
2026-05-30 00:42:03 [INFO] 策略初始化完成
2026-05-30 00:44:40 [INFO] 日志将同时输出到文件: backtest_results/backtest.log (级别: INFO)
2026-05-30 00:44:40 [INFO] ============================================================
2026-05-30 00:44:40 [INFO] 开始回测: 2025-01-01 至 2025-06-01
2026-05-30 00:44:40 [INFO] 初始资金: 100,000.00
2026-05-30 00:44:40 [INFO] 回测频率: day
2026-05-30 00:44:40 [INFO] 日志文件: backtest_results/backtest.log
2026-05-30 00:44:40 [INFO] ============================================================
2026-05-30 00:44:40 [INFO] 加载策略文件: src/learning01/main.py
2026-05-30 00:44:40 [INFO] 策略文件加载成功
2026-05-30 00:44:40 [INFO] 调用策略初始化函数...
2026-05-30 00:44:40 [INFO] 策略初始化完成
2026-05-30 09:19:11 [INFO] 日志将同时输出到文件: backtest_results/backtest.log (级别: INFO)
2026-05-30 09:19:11 [INFO] ============================================================
2026-05-30 09:19:11 [INFO] 开始回测: 2025-01-01 至 2025-06-01
2026-05-30 09:19:11 [INFO] 初始资金: 100,000.00
2026-05-30 09:19:11 [INFO] 回测频率: day
2026-05-30 09:19:11 [INFO] 日志文件: backtest_results/backtest.log
2026-05-30 09:19:11 [INFO] ============================================================
2026-05-30 09:19:11 [INFO] 加载策略文件: src/learning01/main.py
2026-05-30 09:19:11 [INFO] 策略文件加载成功
2026-05-30 09:19:11 [INFO] 调用策略初始化函数...
2026-05-30 09:19:11 [INFO] 策略初始化完成
2026-05-30 09:20:29 [INFO] 日志将同时输出到文件: backtest_results/backtest.log (级别: INFO)
2026-05-30 09:20:29 [INFO] ============================================================
2026-05-30 09:20:29 [INFO] 开始回测: 2025-01-01 至 2025-06-01
2026-05-30 09:20:29 [INFO] 初始资金: 100,000.00
2026-05-30 09:20:29 [INFO] 回测频率: day
2026-05-30 09:20:29 [INFO] 日志文件: backtest_results/backtest.log
2026-05-30 09:20:29 [INFO] ============================================================
2026-05-30 09:20:29 [INFO] 加载策略文件: src/learning01/main.py
2026-05-30 09:20:29 [INFO] 策略文件加载成功
2026-05-30 09:20:29 [INFO] 调用策略初始化函数...
2026-05-30 09:20:29 [INFO] 策略初始化完成
2026-05-30 09:21:25 [INFO] 日志将同时输出到文件: backtest_results/backtest.log (级别: INFO)
2026-05-30 09:21:25 [INFO] ============================================================
2026-05-30 09:21:25 [INFO] 开始回测: 2025-01-01 至 2025-06-01
2026-05-30 09:21:25 [INFO] 初始资金: 100,000.00
2026-05-30 09:21:25 [INFO] 回测频率: day
2026-05-30 09:21:25 [INFO] 日志文件: backtest_results/backtest.log
2026-05-30 09:21:25 [INFO] ============================================================
2026-05-30 09:21:25 [INFO] 加载策略文件: src/learning01/main.py
2026-05-30 09:21:25 [INFO] 策略文件加载成功
2026-05-30 09:21:25 [INFO] 调用策略初始化函数...
2026-05-30 09:21:25 [INFO] 策略初始化完成
2026-05-30 09:24:16 [INFO] 日志将同时输出到文件: backtest_results/backtest.log (级别: INFO)
2026-05-30 09:24:16 [INFO] ============================================================
2026-05-30 09:24:16 [INFO] 开始回测: 2025-01-01 至 2025-06-01
2026-05-30 09:24:16 [INFO] 初始资金: 100,000.00
2026-05-30 09:24:16 [INFO] 回测频率: day
2026-05-30 09:24:16 [INFO] 日志文件: backtest_results/backtest.log
2026-05-30 09:24:16 [INFO] ============================================================
2026-05-30 09:24:16 [INFO] 加载策略文件: src/learning01/main.py
2026-05-30 09:24:16 [INFO] 策略文件加载成功
2026-05-30 09:24:16 [INFO] 调用策略初始化函数...
2026-05-30 09:24:16 [INFO] 策略初始化完成
2026-05-30 09:25:55 [INFO] 日志将同时输出到文件: backtest_results/backtest.log (级别: INFO)
2026-05-30 09:25:55 [INFO] ============================================================
2026-05-30 09:25:55 [INFO] 开始回测: 2025-01-01 至 2025-06-01
2026-05-30 09:25:55 [INFO] 初始资金: 100,000.00
2026-05-30 09:25:55 [INFO] 回测频率: day
2026-05-30 09:25:55 [INFO] 日志文件: backtest_results/backtest.log
2026-05-30 09:25:55 [INFO] ============================================================
2026-05-30 09:25:55 [INFO] 加载策略文件: src/learning01/main.py
2026-05-30 09:25:55 [INFO] 策略文件加载成功
2026-05-30 09:25:55 [INFO] 调用策略初始化函数...
2026-05-30 09:25:56 [INFO] 策略初始化完成
2026-05-30 09:25:56 [INFO] 交易日数量: 97
2026-05-30 09:25:56 [INFO] 回测第一天的前一交易日: 2024-12-31
2026-05-30 09:25:56 [INFO] 加载基准数据: 000300.XSHG
2026-05-30 09:25:56 [INFO] 
============================================================
2026-05-30 09:25:56 [INFO] 交易日: 2025-01-02 (1/97)
[WARNING] [2025-01-02 09:35:00] 真实价格模式调用失败: 您的账号权限仅能获取2025-02-19至2026-02-26的数据，请调整时间参数后重试。如需更长时间的数据范围，可联系聚宽JQData运营人员咨询采购，回退到标准复权
[ERROR] [2025-01-02 09:35:00] 获取价格数据失败: 您的账号权限仅能获取2025-02-19至2026-02-26的数据，请调整时间参数后重试。如需更长时间的数据范围，可联系聚宽JQData运营人员咨询采购
[INFO] [2025-01-02 15:00:00] 账户总值: 100,000.00, 现金: 100,000.00, 持仓市值: 0.00
[INFO] [2025-01-02 15:00:00] 累计收益率: 0.00%
[INFO] [2025-01-02 15:00:00] 基准收益率: 0.00%, 累计超额收益: 0.00%
[INFO] [2025-01-02 15:00:00] 
============================================================
[INFO] [2025-01-02 15:00:00] 交易日: 2025-01-03 (2/97)
[WARNING] [2025-01-03 09:35:00] 真实价格模式调用失败: 您的账号权限仅能获取2025-02-19至2026-02-26的数据，请调整时间参数后重试。如需更长时间的数据范围，可联系聚宽JQData运营人员咨询采购，回退到标准复权
[ERROR] [2025-01-03 09:35:00] 获取价格数据失败: 您的账号权限仅能获取2025-02-19至2026-02-26的数据，请调整时间参数后重试。如需更长时间的数据范围，可联系聚宽JQData运营人员咨询采购
[INFO] [2025-01-03 15:00:00] 账户总值: 100,000.00, 现金: 100,000.00, 持仓市值: 0.00
[INFO] [2025-01-03 15:00:00] 累计收益率: 0.00%
[INFO] [2025-01-03 15:00:00] 基准收益率: -1.18%, 累计超额收益: 1.18%
[INFO] [2025-01-03 15:00:00] 
============================================================
[INFO] [2025-01-03 15:00:00] 交易日: 2025-01-06 (3/97)
[WARNING] [2025-01-06 09:35:00] 真实价格模式调用失败: 您的账号权限仅能获取2025-02-19至2026-02-26的数据，请调整时间参数后重试。如需更长时间的数据范围，可联系聚宽JQData运营人员咨询采购，回退到标准复权
[ERROR] [2025-01-06 09:35:00] 获取价格数据失败: 您的账号权限仅能获取2025-02-19至2026-02-26的数据，请调整时间参数后重试。如需更长时间的数据范围，可联系聚宽JQData运营人员咨询采购
[INFO] [2025-01-06 15:00:00] 账户总值: 100,000.00, 现金: 100,000.00, 持仓市值: 0.00
[INFO] [2025-01-06 15:00:00] 累计收益率: 0.00%
[INFO] [2025-01-06 15:00:00] 基准收益率: -1.35%, 累计超额收益: 1.35%
[INFO] [2025-01-06 15:00:00] 
============================================================
[INFO] [2025-01-06 15:00:00] 交易日: 2025-01-07 (4/97)
[WARNING] [2025-01-07 09:35:00] 真实价格模式调用失败: 您的账号权限仅能获取2025-02-19至2026-02-26的数据，请调整时间参数后重试。如需更长时间的数据范围，可联系聚宽JQData运营人员咨询采购，回退到标准复权
[ERROR] [2025-01-07 09:35:00] 获取价格数据失败: 您的账号权限仅能获取2025-02-19至2026-02-26的数据，请调整时间参数后重试。如需更长时间的数据范围，可联系聚宽JQData运营人员咨询采购
[INFO] [2025-01-07 15:00:00] 账户总值: 100,000.00, 现金: 100,000.00, 持仓市值: 0.00
[INFO] [2025-01-07 15:00:00] 累计收益率: 0.00%
[INFO] [2025-01-07 15:00:00] 基准收益率: -0.64%, 累计超额收益: 0.64%
[INFO] [2025-01-07 15:00:00] 
============================================================
[INFO] [2025-01-07 15:00:00] 交易日: 2025-01-08 (5/97)
[WARNING] [2025-01-08 09:35:00] 真实价格模式调用失败: 您的账号权限仅能获取2025-02-19至2026-02-26的数据，请调整时间参数后重试。如需更长时间的数据范围，可联系聚宽JQData运营人员咨询采购，回退到标准复权
[ERROR] [2025-01-08 09:35:00] 获取价格数据失败: 您的账号权限仅能获取2025-02-19至2026-02-26的数据，请调整时间参数后重试。如需更长时间的数据范围，可联系聚宽JQData运营人员咨询采购
[INFO] [2025-01-08 15:00:00] 账户总值: 100,000.00, 现金: 100,000.00, 持仓市值: 0.00
[INFO] [2025-01-08 15:00:00] 累计收益率: 0.00%
[INFO] [2025-01-08 15:00:00] 基准收益率: -0.82%, 累计超额收益: 0.82%
[INFO] [2025-01-08 15:00:00] 
============================================================
[INFO] [2025-01-08 15:00:00] 交易日: 2025-01-09 (6/97)
[WARNING] [2025-01-09 09:35:00] 真实价格模式调用失败: 您的账号权限仅能获取2025-02-19至2026-02-26的数据，请调整时间参数后重试。如需更长时间的数据范围，可联系聚宽JQData运营人员咨询采购，回退到标准复权
[ERROR] [2025-01-09 09:35:00] 获取价格数据失败: 您的账号权限仅能获取2025-02-19至2026-02-26的数据，请调整时间参数后重试。如需更长时间的数据范围，可联系聚宽JQData运营人员咨询采购
[INFO] [2025-01-09 15:00:00] 账户总值: 100,000.00, 现金: 100,000.00, 持仓市值: 0.00
[INFO] [2025-01-09 15:00:00] 累计收益率: 0.00%
[INFO] [2025-01-09 15:00:00] 基准收益率: -1.06%, 累计超额收益: 1.06%
[INFO] [2025-01-09 15:00:00] 
============================================================
[INFO] [2025-01-09 15:00:00] 交易日: 2025-01-10 (7/97)
[WARNING] [2025-01-10 09:35:00] 真实价格模式调用失败: 您的账号权限仅能获取2025-02-19至2026-02-26的数据，请调整时间参数后重试。如需更长时间的数据范围，可联系聚宽JQData运营人员咨询采购，回退到标准复权
[ERROR] [2025-01-10 09:35:00] 获取价格数据失败: 您的账号权限仅能获取2025-02-19至2026-02-26的数据，请调整时间参数后重试。如需更长时间的数据范围，可联系聚宽JQData运营人员咨询采购
[INFO] [2025-01-10 15:00:00] 账户总值: 100,000.00, 现金: 100,000.00, 持仓市值: 0.00
[INFO] [2025-01-10 15:00:00] 累计收益率: 0.00%
[INFO] [2025-01-10 15:00:00] 基准收益率: -2.30%, 累计超额收益: 2.30%
[INFO] [2025-01-10 15:00:00] 
============================================================
[INFO] [2025-01-10 15:00:00] 交易日: 2025-01-13 (8/97)
[WARNING] [2025-01-13 09:35:00] 真实价格模式调用失败: 您的账号权限仅能获取2025-02-19至2026-02-26的数据，请调整时间参数后重试。如需更长时间的数据范围，可联系聚宽JQData运营人员咨询采购，回退到标准复权
[ERROR] [2025-01-13 09:35:00] 获取价格数据失败: 您的账号权限仅能获取2025-02-19至2026-02-26的数据，请调整时间参数后重试。如需更长时间的数据范围，可联系聚宽JQData运营人员咨询采购
[INFO] [2025-01-13 15:00:00] 账户总值: 100,000.00, 现金: 100,000.00, 持仓市值: 0.00
[INFO] [2025-01-13 15:00:00] 累计收益率: 0.00%
[INFO] [2025-01-13 15:00:00] 基准收益率: -2.56%, 累计超额收益: 2.56%
[INFO] [2025-01-13 15:00:00] 
============================================================
[INFO] [2025-01-13 15:00:00] 交易日: 2025-01-14 (9/97)
[WARNING] [2025-01-14 09:35:00] 真实价格模式调用失败: 您的账号权限仅能获取2025-02-19至2026-02-26的数据，请调整时间参数后重试。如需更长时间的数据范围，可联系聚宽JQData运营人员咨询采购，回退到标准复权
[ERROR] [2025-01-14 09:35:00] 获取价格数据失败: 您的账号权限仅能获取2025-02-19至2026-02-26的数据，请调整时间参数后重试。如需更长时间的数据范围，可联系聚宽JQData运营人员咨询采购
[INFO] [2025-01-14 15:00:00] 账户总值: 100,000.00, 现金: 100,000.00, 持仓市值: 0.00
[INFO] [2025-01-14 15:00:00] 累计收益率: 0.00%
[INFO] [2025-01-14 15:00:00] 基准收益率: 0.00%, 累计超额收益: -0.00%
[INFO] [2025-01-14 15:00:00] 
============================================================
[INFO] [2025-01-14 15:00:00] 交易日: 2025-01-15 (10/97)
[WARNING] [2025-01-15 09:35:00] 真实价格模式调用失败: 您的账号权限仅能获取2025-02-19至2026-02-26的数据，请调整时间参数后重试。如需更长时间的数据范围，可联系聚宽JQData运营人员咨询采购，回退到标准复权
[ERROR] [2025-01-15 09:35:00] 获取价格数据失败: 您的账号权限仅能获取2025-02-19至2026-02-26的数据，请调整时间参数后重试。如需更长时间的数据范围，可联系聚宽JQData运营人员咨询采购
[INFO] [2025-01-15 15:00:00] 账户总值: 100,000.00, 现金: 100,000.00, 持仓市值: 0.00
[INFO] [2025-01-15 15:00:00] 累计收益率: 0.00%
[INFO] [2025-01-15 15:00:00] 基准收益率: -0.64%, 累计超额收益: 0.64%
[INFO] [2025-01-15 15:00:00] 
============================================================
[INFO] [2025-01-15 15:00:00] 交易日: 2025-01-16 (11/97)
[WARNING] [2025-01-16 09:35:00] 真实价格模式调用失败: 您的账号权限仅能获取2025-02-19至2026-02-26的数据，请调整时间参数后重试。如需更长时间的数据范围，可联系聚宽JQData运营人员咨询采购，回退到标准复权
[ERROR] [2025-01-16 09:35:00] 获取价格数据失败: 您的账号权限仅能获取2025-02-19至2026-02-26的数据，请调整时间参数后重试。如需更长时间的数据范围，可联系聚宽JQData运营人员咨询采购
[INFO] [2025-01-16 15:00:00] 账户总值: 100,000.00, 现金: 100,000.00, 持仓市值: 0.00
[INFO] [2025-01-16 15:00:00] 累计收益率: 0.00%
[INFO] [2025-01-16 15:00:00] 基准收益率: -0.52%, 累计超额收益: 0.52%
[INFO] [2025-01-16 15:00:00] 
============================================================
[INFO] [2025-01-16 15:00:00] 交易日: 2025-01-17 (12/97)
[WARNING] [2025-01-17 09:35:00] 真实价格模式调用失败: 您的账号权限仅能获取2025-02-19至2026-02-26的数据，请调整时间参数后重试。如需更长时间的数据范围，可联系聚宽JQData运营人员咨询采购，回退到标准复权
[ERROR] [2025-01-17 09:35:00] 获取价格数据失败: 您的账号权限仅能获取2025-02-19至2026-02-26的数据，请调整时间参数后重试。如需更长时间的数据范围，可联系聚宽JQData运营人员咨询采购
[INFO] [2025-01-17 15:00:00] 账户总值: 100,000.00, 现金: 100,000.00, 持仓市值: 0.00
[INFO] [2025-01-17 15:00:00] 累计收益率: 0.00%
[INFO] [2025-01-17 15:00:00] 基准收益率: -0.21%, 累计超额收益: 0.21%
[INFO] [2025-01-17 15:00:00] 
============================================================
[INFO] [2025-01-17 15:00:00] 交易日: 2025-01-20 (13/97)
[WARNING] [2025-01-20 09:35:00] 真实价格模式调用失败: 您的账号权限仅能获取2025-02-19至2026-02-26的数据，请调整时间参数后重试。如需更长时间的数据范围，可联系聚宽JQData运营人员咨询采购，回退到标准复权
[ERROR] [2025-01-20 09:35:00] 获取价格数据失败: 您的账号权限仅能获取2025-02-19至2026-02-26的数据，请调整时间参数后重试。如需更长时间的数据范围，可联系聚宽JQData运营人员咨询采购
[INFO] [2025-01-20 15:00:00] 账户总值: 100,000.00, 现金: 100,000.00, 持仓市值: 0.00
[INFO] [2025-01-20 15:00:00] 累计收益率: 0.00%
[INFO] [2025-01-20 15:00:00] 基准收益率: 0.24%, 累计超额收益: -0.24%
[INFO] [2025-01-20 15:00:00] 
============================================================
[INFO] [2025-01-20 15:00:00] 交易日: 2025-01-21 (14/97)
[WARNING] [2025-01-21 09:35:00] 真实价格模式调用失败: 您的账号权限仅能获取2025-02-19至2026-02-26的数据，请调整时间参数后重试。如需更长时间的数据范围，可联系聚宽JQData运营人员咨询采购，回退到标准复权
[ERROR] [2025-01-21 09:35:00] 获取价格数据失败: 您的账号权限仅能获取2025-02-19至2026-02-26的数据，请调整时间参数后重试。如需更长时间的数据范围，可联系聚宽JQData运营人员咨询采购
[INFO] [2025-01-21 15:00:00] 账户总值: 100,000.00, 现金: 100,000.00, 持仓市值: 0.00
[INFO] [2025-01-21 15:00:00] 累计收益率: 0.00%
[INFO] [2025-01-21 15:00:00] 基准收益率: 0.32%, 累计超额收益: -0.32%
[INFO] [2025-01-21 15:00:00] 
============================================================
[INFO] [2025-01-21 15:00:00] 交易日: 2025-01-22 (15/97)
[WARNING] [2025-01-22 09:35:00] 真实价格模式调用失败: 您的账号权限仅能获取2025-02-19至2026-02-26的数据，请调整时间参数后重试。如需更长时间的数据范围，可联系聚宽JQData运营人员咨询采购，回退到标准复权
[ERROR] [2025-01-22 09:35:00] 获取价格数据失败: 您的账号权限仅能获取2025-02-19至2026-02-26的数据，请调整时间参数后重试。如需更长时间的数据范围，可联系聚宽JQData运营人员咨询采购
[INFO] [2025-01-22 15:00:00] 账户总值: 100,000.00, 现金: 100,000.00, 持仓市值: 0.00
[INFO] [2025-01-22 15:00:00] 累计收益率: 0.00%
[INFO] [2025-01-22 15:00:00] 基准收益率: -0.61%, 累计超额收益: 0.61%
[INFO] [2025-01-22 15:00:00] 
============================================================
[INFO] [2025-01-22 15:00:00] 交易日: 2025-01-23 (16/97)
[WARNING] [2025-01-23 09:35:00] 真实价格模式调用失败: 您的账号权限仅能获取2025-02-19至2026-02-26的数据，请调整时间参数后重试。如需更长时间的数据范围，可联系聚宽JQData运营人员咨询采购，回退到标准复权
[ERROR] [2025-01-23 09:35:00] 获取价格数据失败: 您的账号权限仅能获取2025-02-19至2026-02-26的数据，请调整时间参数后重试。如需更长时间的数据范围，可联系聚宽JQData运营人员咨询采购
[INFO] [2025-01-23 15:00:00] 账户总值: 100,000.00, 现金: 100,000.00, 持仓市值: 0.00
[INFO] [2025-01-23 15:00:00] 累计收益率: 0.00%
[INFO] [2025-01-23 15:00:00] 基准收益率: -0.44%, 累计超额收益: 0.44%
[INFO] [2025-01-23 15:00:00] 
============================================================
[INFO] [2025-01-23 15:00:00] 交易日: 2025-01-24 (17/97)
[WARNING] [2025-01-24 09:35:00] 真实价格模式调用失败: 您的账号权限仅能获取2025-02-19至2026-02-26的数据，请调整时间参数后重试。如需更长时间的数据范围，可联系聚宽JQData运营人员咨询采购，回退到标准复权
[ERROR] [2025-01-24 09:35:00] 获取价格数据失败: 您的账号权限仅能获取2025-02-19至2026-02-26的数据，请调整时间参数后重试。如需更长时间的数据范围，可联系聚宽JQData运营人员咨询采购
[INFO] [2025-01-24 15:00:00] 账户总值: 100,000.00, 现金: 100,000.00, 持仓市值: 0.00
[INFO] [2025-01-24 15:00:00] 累计收益率: 0.00%
[INFO] [2025-01-24 15:00:00] 基准收益率: 0.33%, 累计超额收益: -0.33%
[INFO] [2025-01-24 15:00:00] 
============================================================
[INFO] [2025-01-24 15:00:00] 交易日: 2025-01-27 (18/97)
[WARNING] [2025-01-27 09:35:00] 真实价格模式调用失败: 您的账号权限仅能获取2025-02-19至2026-02-26的数据，请调整时间参数后重试。如需更长时间的数据范围，可联系聚宽JQData运营人员咨询采购，回退到标准复权
[ERROR] [2025-01-27 09:35:00] 获取价格数据失败: 您的账号权限仅能获取2025-02-19至2026-02-26的数据，请调整时间参数后重试。如需更长时间的数据范围，可联系聚宽JQData运营人员咨询采购
[INFO] [2025-01-27 15:00:00] 账户总值: 100,000.00, 现金: 100,000.00, 持仓市值: 0.00
[INFO] [2025-01-27 15:00:00] 累计收益率: 0.00%
[INFO] [2025-01-27 15:00:00] 基准收益率: -0.09%, 累计超额收益: 0.09%
[INFO] [2025-01-27 15:00:00] 
============================================================
[INFO] [2025-01-27 15:00:00] 交易日: 2025-02-05 (19/97)
[WARNING] [2025-02-05 09:35:00] 真实价格模式调用失败: 您的账号权限仅能获取2025-02-19至2026-02-26的数据，请调整时间参数后重试。如需更长时间的数据范围，可联系聚宽JQData运营人员咨询采购，回退到标准复权
[ERROR] [2025-02-05 09:35:00] 获取价格数据失败: 您的账号权限仅能获取2025-02-19至2026-02-26的数据，请调整时间参数后重试。如需更长时间的数据范围，可联系聚宽JQData运营人员咨询采购
[INFO] [2025-02-05 15:00:00] 账户总值: 100,000.00, 现金: 100,000.00, 持仓市值: 0.00
[INFO] [2025-02-05 15:00:00] 累计收益率: 0.00%
[INFO] [2025-02-05 15:00:00] 基准收益率: -0.66%, 累计超额收益: 0.66%
[INFO] [2025-02-05 15:00:00] 
============================================================
[INFO] [2025-02-05 15:00:00] 交易日: 2025-02-06 (20/97)
[WARNING] [2025-02-06 09:35:00] 真实价格模式调用失败: 您的账号权限仅能获取2025-02-19至2026-02-26的数据，请调整时间参数后重试。如需更长时间的数据范围，可联系聚宽JQData运营人员咨询采购，回退到标准复权
[ERROR] [2025-02-06 09:35:00] 获取价格数据失败: 您的账号权限仅能获取2025-02-19至2026-02-26的数据，请调整时间参数后重试。如需更长时间的数据范围，可联系聚宽JQData运营人员咨询采购
[INFO] [2025-02-06 15:00:00] 账户总值: 100,000.00, 现金: 100,000.00, 持仓市值: 0.00
[INFO] [2025-02-06 15:00:00] 累计收益率: 0.00%
[INFO] [2025-02-06 15:00:00] 基准收益率: 0.59%, 累计超额收益: -0.59%
[INFO] [2025-02-06 15:00:00] 
============================================================
[INFO] [2025-02-06 15:00:00] 交易日: 2025-02-07 (21/97)
[WARNING] [2025-02-07 09:35:00] 真实价格模式调用失败: 您的账号权限仅能获取2025-02-19至2026-02-26的数据，请调整时间参数后重试。如需更长时间的数据范围，可联系聚宽JQData运营人员咨询采购，回退到标准复权
[ERROR] [2025-02-07 09:35:00] 获取价格数据失败: 您的账号权限仅能获取2025-02-19至2026-02-26的数据，请调整时间参数后重试。如需更长时间的数据范围，可联系聚宽JQData运营人员咨询采购
[INFO] [2025-02-07 15:00:00] 账户总值: 100,000.00, 现金: 100,000.00, 持仓市值: 0.00
[INFO] [2025-02-07 15:00:00] 累计收益率: 0.00%
[INFO] [2025-02-07 15:00:00] 基准收益率: 1.89%, 累计超额收益: -1.89%
[INFO] [2025-02-07 15:00:00] 
============================================================
[INFO] [2025-02-07 15:00:00] 交易日: 2025-02-10 (22/97)
[WARNING] [2025-02-10 09:35:00] 真实价格模式调用失败: 您的账号权限仅能获取2025-02-19至2026-02-26的数据，请调整时间参数后重试。如需更长时间的数据范围，可联系聚宽JQData运营人员咨询采购，回退到标准复权
[ERROR] [2025-02-10 09:35:00] 获取价格数据失败: 您的账号权限仅能获取2025-02-19至2026-02-26的数据，请调整时间参数后重试。如需更长时间的数据范围，可联系聚宽JQData运营人员咨询采购
[INFO] [2025-02-10 15:00:00] 账户总值: 100,000.00, 现金: 100,000.00, 持仓市值: 0.00
[INFO] [2025-02-10 15:00:00] 累计收益率: 0.00%
[INFO] [2025-02-10 15:00:00] 基准收益率: 2.11%, 累计超额收益: -2.11%
[INFO] [2025-02-10 15:00:00] 
============================================================
[INFO] [2025-02-10 15:00:00] 交易日: 2025-02-11 (23/97)
[WARNING] [2025-02-11 09:35:00] 真实价格模式调用失败: 您的账号权限仅能获取2025-02-19至2026-02-26的数据，请调整时间参数后重试。如需更长时间的数据范围，可联系聚宽JQData运营人员咨询采购，回退到标准复权
[ERROR] [2025-02-11 09:35:00] 获取价格数据失败: 您的账号权限仅能获取2025-02-19至2026-02-26的数据，请调整时间参数后重试。如需更长时间的数据范围，可联系聚宽JQData运营人员咨询采购
[INFO] [2025-02-11 15:00:00] 账户总值: 100,000.00, 现金: 100,000.00, 持仓市值: 0.00
[INFO] [2025-02-11 15:00:00] 累计收益率: 0.00%
[INFO] [2025-02-11 15:00:00] 基准收益率: 1.64%, 累计超额收益: -1.64%
[INFO] [2025-02-11 15:00:00] 
============================================================
[INFO] [2025-02-11 15:00:00] 交易日: 2025-02-12 (24/97)
[WARNING] [2025-02-12 09:35:00] 真实价格模式调用失败: 您的账号权限仅能获取2025-02-19至2026-02-26的数据，请调整时间参数后重试。如需更长时间的数据范围，可联系聚宽JQData运营人员咨询采购，回退到标准复权
[ERROR] [2025-02-12 09:35:00] 获取价格数据失败: 您的账号权限仅能获取2025-02-19至2026-02-26的数据，请调整时间参数后重试。如需更长时间的数据范围，可联系聚宽JQData运营人员咨询采购
[INFO] [2025-02-12 15:00:00] 账户总值: 100,000.00, 现金: 100,000.00, 持仓市值: 0.00
[INFO] [2025-02-12 15:00:00] 累计收益率: 0.00%
[INFO] [2025-02-12 15:00:00] 基准收益率: 2.60%, 累计超额收益: -2.60%
[INFO] [2025-02-12 15:00:00] 
============================================================
[INFO] [2025-02-12 15:00:00] 交易日: 2025-02-13 (25/97)
[WARNING] [2025-02-13 09:35:00] 真实价格模式调用失败: 您的账号权限仅能获取2025-02-19至2026-02-26的数据，请调整时间参数后重试。如需更长时间的数据范围，可联系聚宽JQData运营人员咨询采购，回退到标准复权
[ERROR] [2025-02-13 09:35:00] 获取价格数据失败: 您的账号权限仅能获取2025-02-19至2026-02-26的数据，请调整时间参数后重试。如需更长时间的数据范围，可联系聚宽JQData运营人员咨询采购
[INFO] [2025-02-13 15:00:00] 账户总值: 100,000.00, 现金: 100,000.00, 持仓市值: 0.00
[INFO] [2025-02-13 15:00:00] 累计收益率: 0.00%
[INFO] [2025-02-13 15:00:00] 基准收益率: 2.22%, 累计超额收益: -2.22%
[INFO] [2025-02-13 15:00:00] 
============================================================
[INFO] [2025-02-13 15:00:00] 交易日: 2025-02-14 (26/97)
[WARNING] [2025-02-14 09:35:00] 真实价格模式调用失败: 您的账号权限仅能获取2025-02-19至2026-02-26的数据，请调整时间参数后重试。如需更长时间的数据范围，可联系聚宽JQData运营人员咨询采购，回退到标准复权
[ERROR] [2025-02-14 09:35:00] 获取价格数据失败: 您的账号权限仅能获取2025-02-19至2026-02-26的数据，请调整时间参数后重试。如需更长时间的数据范围，可联系聚宽JQData运营人员咨询采购
[INFO] [2025-02-14 15:00:00] 账户总值: 100,000.00, 现金: 100,000.00, 持仓市值: 0.00
[INFO] [2025-02-14 15:00:00] 累计收益率: 0.00%
[INFO] [2025-02-14 15:00:00] 基准收益率: 3.10%, 累计超额收益: -3.10%
[INFO] [2025-02-14 15:00:00] 
============================================================
[INFO] [2025-02-14 15:00:00] 交易日: 2025-02-17 (27/97)
[WARNING] [2025-02-17 09:35:00] 真实价格模式调用失败: 您的账号权限仅能获取2025-02-19至2026-02-26的数据，请调整时间参数后重试。如需更长时间的数据范围，可联系聚宽JQData运营人员咨询采购，回退到标准复权
[ERROR] [2025-02-17 09:35:00] 获取价格数据失败: 您的账号权限仅能获取2025-02-19至2026-02-26的数据，请调整时间参数后重试。如需更长时间的数据范围，可联系聚宽JQData运营人员咨询采购
[INFO] [2025-02-17 15:00:00] 账户总值: 100,000.00, 现金: 100,000.00, 持仓市值: 0.00
[INFO] [2025-02-17 15:00:00] 累计收益率: 0.00%
[INFO] [2025-02-17 15:00:00] 基准收益率: 3.32%, 累计超额收益: -3.32%
[INFO] [2025-02-17 15:00:00] 
============================================================
[INFO] [2025-02-17 15:00:00] 交易日: 2025-02-18 (28/97)
[WARNING] [2025-02-18 09:35:00] 真实价格模式调用失败: 您的账号权限仅能获取2025-02-19至2026-02-26的数据，请调整时间参数后重试。如需更长时间的数据范围，可联系聚宽JQData运营人员咨询采购，回退到标准复权
[ERROR] [2025-02-18 09:35:00] 获取价格数据失败: 您的账号权限仅能获取2025-02-19至2026-02-26的数据，请调整时间参数后重试。如需更长时间的数据范围，可联系聚宽JQData运营人员咨询采购
[INFO] [2025-02-18 15:00:00] 账户总值: 100,000.00, 现金: 100,000.00, 持仓市值: 0.00
[INFO] [2025-02-18 15:00:00] 累计收益率: 0.00%
[INFO] [2025-02-18 15:00:00] 基准收益率: 2.42%, 累计超额收益: -2.42%
[INFO] [2025-02-18 15:00:00] 
============================================================
[INFO] [2025-02-18 15:00:00] 交易日: 2025-02-19 (29/97)
[WARNING] [2025-02-19 09:35:00] 真实价格模式调用失败: 您的账号权限仅能获取2025-02-19至2026-02-26的数据，请调整时间参数后重试。如需更长时间的数据范围，可联系聚宽JQData运营人员咨询采购，回退到标准复权
[ERROR] [2025-02-19 09:35:00] 获取价格数据失败: 您的账号权限仅能获取2025-02-19至2026-02-26的数据，请调整时间参数后重试。如需更长时间的数据范围，可联系聚宽JQData运营人员咨询采购
[INFO] [2025-02-19 15:00:00] 账户总值: 100,000.00, 现金: 100,000.00, 持仓市值: 0.00
[INFO] [2025-02-19 15:00:00] 累计收益率: 0.00%
[INFO] [2025-02-19 15:00:00] 基准收益率: 3.13%, 累计超额收益: -3.13%
[INFO] [2025-02-19 15:00:00] 
============================================================
[INFO] [2025-02-19 15:00:00] 交易日: 2025-02-20 (30/97)
[INFO] [2025-02-20 09:35:00] 处理 1 个订单
[INFO] [2025-02-20 09:35:00] 000001.XSHE 缩量至可下单上限: 8400
[INFO] [2025-02-20 09:35:00] 买入 000001.XSHE: 8400 股, 委托价 11.90, 成交价 11.73, 费用 29.56
[INFO] [2025-02-20 15:00:00] 账户总值: 99,382.44, 现金: 1,438.44, 持仓市值: 97,944.00
[INFO] [2025-02-20 15:00:00] 累计收益率: -0.62%
[INFO] [2025-02-20 15:00:00] 基准收益率: 2.84%, 累计超额收益: -3.46%
[INFO] [2025-02-20 15:00:00] 
============================================================
[INFO] [2025-02-20 15:00:00] 交易日: 2025-02-21 (31/97)
[INFO] [2025-02-21 15:00:00] 账户总值: 99,214.44, 现金: 1,438.44, 持仓市值: 97,776.00
[INFO] [2025-02-21 15:00:00] 累计收益率: -0.79%
[INFO] [2025-02-21 15:00:00] 基准收益率: 4.14%, 累计超额收益: -4.92%
[INFO] [2025-02-21 15:00:00] 
============================================================
[INFO] [2025-02-21 15:00:00] 交易日: 2025-02-24 (32/97)
[INFO] [2025-02-24 15:00:00] 账户总值: 98,794.44, 现金: 1,438.44, 持仓市值: 97,356.00
[INFO] [2025-02-24 15:00:00] 累计收益率: -1.21%
[INFO] [2025-02-24 15:00:00] 基准收益率: 3.91%, 累计超额收益: -5.11%
[INFO] [2025-02-24 15:00:00] 
============================================================
[INFO] [2025-02-24 15:00:00] 交易日: 2025-02-25 (33/97)
[INFO] [2025-02-25 15:00:00] 账户总值: 97,786.44, 现金: 1,438.44, 持仓市值: 96,348.00
[INFO] [2025-02-25 15:00:00] 累计收益率: -2.21%
[INFO] [2025-02-25 15:00:00] 基准收益率: 2.75%, 累计超额收益: -4.97%
[INFO] [2025-02-25 15:00:00] 
============================================================
[INFO] [2025-02-25 15:00:00] 交易日: 2025-02-26 (34/97)
[INFO] [2025-02-26 15:00:00] 账户总值: 98,206.44, 现金: 1,438.44, 持仓市值: 96,768.00
[INFO] [2025-02-26 15:00:00] 累计收益率: -1.79%
[INFO] [2025-02-26 15:00:00] 基准收益率: 3.65%, 累计超额收益: -5.45%
[INFO] [2025-02-26 15:00:00] 
============================================================
[INFO] [2025-02-26 15:00:00] 交易日: 2025-02-27 (35/97)
[INFO] [2025-02-27 15:00:00] 账户总值: 99,046.44, 现金: 1,438.44, 持仓市值: 97,608.00
[INFO] [2025-02-27 15:00:00] 累计收益率: -0.95%
[INFO] [2025-02-27 15:00:00] 基准收益率: 3.87%, 累计超额收益: -4.82%
[INFO] [2025-02-27 15:00:00] 
============================================================
[INFO] [2025-02-27 15:00:00] 交易日: 2025-02-28 (36/97)
[INFO] [2025-02-28 15:00:00] 账户总值: 98,290.44, 现金: 1,438.44, 持仓市值: 96,852.00
[INFO] [2025-02-28 15:00:00] 累计收益率: -1.71%
[INFO] [2025-02-28 15:00:00] 基准收益率: 1.82%, 累计超额收益: -3.53%
[INFO] [2025-02-28 15:00:00] 
============================================================
[INFO] [2025-02-28 15:00:00] 交易日: 2025-03-03 (37/97)
[INFO] [2025-03-03 15:00:00] 账户总值: 98,122.44, 现金: 1,438.44, 持仓市值: 96,684.00
[INFO] [2025-03-03 15:00:00] 累计收益率: -1.88%
[INFO] [2025-03-03 15:00:00] 基准收益率: 1.78%, 累计超额收益: -3.66%
[INFO] [2025-03-03 15:00:00] 
============================================================
[INFO] [2025-03-03 15:00:00] 交易日: 2025-03-04 (38/97)
[INFO] [2025-03-04 09:35:00] 处理 1 个订单
[INFO] [2025-03-04 09:35:00] 卖出 000001.XSHE: 8400 股, 成交价 11.46, 费用 125.14
[INFO] [2025-03-04 15:00:00] 账户总值: 97,577.30, 现金: 97,577.30, 持仓市值: 0.00
[INFO] [2025-03-04 15:00:00] 累计收益率: -2.42%
[INFO] [2025-03-04 15:00:00] 基准收益率: 1.70%, 累计超额收益: -4.12%
[INFO] [2025-03-04 15:00:00] 
============================================================
[INFO] [2025-03-04 15:00:00] 交易日: 2025-03-05 (39/97)
[INFO] [2025-03-05 15:00:00] 账户总值: 97,577.30, 现金: 97,577.30, 持仓市值: 0.00
[INFO] [2025-03-05 15:00:00] 累计收益率: -2.42%
[INFO] [2025-03-05 15:00:00] 基准收益率: 2.15%, 累计超额收益: -4.57%
[INFO] [2025-03-05 15:00:00] 
============================================================
[INFO] [2025-03-05 15:00:00] 交易日: 2025-03-06 (40/97)
[INFO] [2025-03-06 09:35:00] 处理 1 个订单
[INFO] [2025-03-06 09:35:00] 000001.XSHE 缩量至可下单上限: 8266
[INFO] [2025-03-06 09:35:00] 买入 000001.XSHE: 8200 股, 委托价 11.80, 成交价 11.64, 费用 28.63
[INFO] [2025-03-06 15:00:00] 账户总值: 97,466.67, 现金: 2,100.67, 持仓市值: 95,366.00
[INFO] [2025-03-06 15:00:00] 累计收益率: -2.53%
[INFO] [2025-03-06 15:00:00] 基准收益率: 3.56%, 累计超额收益: -6.09%
[INFO] [2025-03-06 15:00:00] 
============================================================
[INFO] [2025-03-06 15:00:00] 交易日: 2025-03-07 (41/97)
[INFO] [2025-03-07 15:00:00] 账户总值: 97,794.67, 现金: 2,100.67, 持仓市值: 95,694.00
[INFO] [2025-03-07 15:00:00] 累计收益率: -2.21%
[INFO] [2025-03-07 15:00:00] 基准收益率: 3.24%, 累计超额收益: -5.44%
[INFO] [2025-03-07 15:00:00] 
============================================================
[INFO] [2025-03-07 15:00:00] 交易日: 2025-03-10 (42/97)
[INFO] [2025-03-10 15:00:00] 账户总值: 97,138.67, 现金: 2,100.67, 持仓市值: 95,038.00
[INFO] [2025-03-10 15:00:00] 累计收益率: -2.86%
[INFO] [2025-03-10 15:00:00] 基准收益率: 2.84%, 累计超额收益: -5.70%
[INFO] [2025-03-10 15:00:00] 
============================================================
[INFO] [2025-03-10 15:00:00] 交易日: 2025-03-11 (43/97)
[INFO] [2025-03-11 15:00:00] 账户总值: 97,302.67, 现金: 2,100.67, 持仓市值: 95,202.00
[INFO] [2025-03-11 15:00:00] 累计收益率: -2.70%
[INFO] [2025-03-11 15:00:00] 基准收益率: 3.17%, 累计超额收益: -5.87%
[INFO] [2025-03-11 15:00:00] 
============================================================
[INFO] [2025-03-11 15:00:00] 交易日: 2025-03-12 (44/97)
[INFO] [2025-03-12 15:00:00] 账户总值: 99,270.67, 现金: 2,100.67, 持仓市值: 97,170.00
[INFO] [2025-03-12 15:00:00] 累计收益率: -0.73%
[INFO] [2025-03-12 15:00:00] 基准收益率: 2.80%, 累计超额收益: -3.53%
[INFO] [2025-03-12 15:00:00] 
============================================================
[INFO] [2025-03-12 15:00:00] 交易日: 2025-03-13 (45/97)
[INFO] [2025-03-13 15:00:00] 账户总值: 99,188.67, 现金: 2,100.67, 持仓市值: 97,088.00
[INFO] [2025-03-13 15:00:00] 累计收益率: -0.81%
[INFO] [2025-03-13 15:00:00] 基准收益率: 2.39%, 累计超额收益: -3.20%
[INFO] [2025-03-13 15:00:00] 
============================================================
[INFO] [2025-03-13 15:00:00] 交易日: 2025-03-14 (46/97)
[INFO] [2025-03-14 15:00:00] 账户总值: 100,254.67, 现金: 2,100.67, 持仓市值: 98,154.00
[INFO] [2025-03-14 15:00:00] 累计收益率: 0.25%
[INFO] [2025-03-14 15:00:00] 基准收益率: 4.87%, 累计超额收益: -4.62%
[INFO] [2025-03-14 15:00:00] 
============================================================
[INFO] [2025-03-14 15:00:00] 交易日: 2025-03-17 (47/97)
[INFO] [2025-03-17 15:00:00] 账户总值: 96,400.67, 现金: 2,100.67, 持仓市值: 94,300.00
[INFO] [2025-03-17 15:00:00] 累计收益率: -3.60%
[INFO] [2025-03-17 15:00:00] 基准收益率: 4.62%, 累计超额收益: -8.22%
[INFO] [2025-03-17 15:00:00] 
============================================================
[INFO] [2025-03-17 15:00:00] 交易日: 2025-03-18 (48/97)
[INFO] [2025-03-18 15:00:00] 账户总值: 96,318.67, 现金: 2,100.67, 持仓市值: 94,218.00
[INFO] [2025-03-18 15:00:00] 累计收益率: -3.68%
[INFO] [2025-03-18 15:00:00] 基准收益率: 4.90%, 累计超额收益: -8.58%
[INFO] [2025-03-18 15:00:00] 
============================================================
[INFO] [2025-03-18 15:00:00] 交易日: 2025-03-19 (49/97)
[INFO] [2025-03-19 15:00:00] 账户总值: 96,564.67, 现金: 2,100.67, 持仓市值: 94,464.00
[INFO] [2025-03-19 15:00:00] 累计收益率: -3.44%
[INFO] [2025-03-19 15:00:00] 基准收益率: 4.97%, 累计超额收益: -8.40%
[INFO] [2025-03-19 15:00:00] 
============================================================
[INFO] [2025-03-19 15:00:00] 交易日: 2025-03-20 (50/97)
[INFO] [2025-03-20 15:00:00] 账户总值: 96,318.67, 现金: 2,100.67, 持仓市值: 94,218.00
[INFO] [2025-03-20 15:00:00] 累计收益率: -3.68%
[INFO] [2025-03-20 15:00:00] 基准收益率: 4.05%, 累计超额收益: -7.73%
[INFO] [2025-03-20 15:00:00] 
============================================================
[INFO] [2025-03-20 15:00:00] 交易日: 2025-03-21 (51/97)
[INFO] [2025-03-21 09:35:00] 处理 1 个订单
[INFO] [2025-03-21 09:35:00] 卖出 000001.XSHE: 8200 股, 成交价 11.50, 费用 122.59
[INFO] [2025-03-21 15:00:00] 账户总值: 96,278.08, 现金: 96,278.08, 持仓市值: 0.00
[INFO] [2025-03-21 15:00:00] 累计收益率: -3.72%
[INFO] [2025-03-21 15:00:00] 基准收益率: 2.47%, 累计超额收益: -6.19%
[INFO] [2025-03-21 15:00:00] 
============================================================
[INFO] [2025-03-21 15:00:00] 交易日: 2025-03-24 (52/97)
2026-05-30 09:26:17 [INFO] 日志将同时输出到文件: backtest_results/backtest.log (级别: INFO)
2026-05-30 09:26:17 [INFO] ============================================================
2026-05-30 09:26:17 [INFO] 开始回测: 2025-01-01 至 2025-01-01
2026-05-30 09:26:17 [INFO] 初始资金: 100,000.00
2026-05-30 09:26:17 [INFO] 回测频率: day
2026-05-30 09:26:17 [INFO] 日志文件: backtest_results/backtest.log
2026-05-30 09:26:17 [INFO] ============================================================
2026-05-30 09:26:17 [INFO] 加载策略文件: src/learning01/main.py
2026-05-30 09:26:17 [INFO] 策略文件加载成功
2026-05-30 09:26:17 [INFO] 调用策略初始化函数...
2026-05-30 09:26:17 [INFO] 策略初始化完成
2026-05-30 09:26:18 [INFO] 交易日数量: 0
2026-05-30 09:26:18 [WARNING] ⚠️  回测区间 2025-01-01 00:00:00 至 2025-01-01 00:00:00 内没有交易日
2026-05-30 09:26:18 [WARNING] 可能的原因：
2026-05-30 09:26:18 [WARNING]   1. 回测日期范围过短（如只有一天且恰好是周末或节假日）
2026-05-30 09:26:18 [WARNING]   2. 回测日期超出数据源的可用范围
2026-05-30 09:26:18 [WARNING]   3. 回测日期为未来日期
2026-05-30 09:26:18 [WARNING] 建议：请检查回测日期范围，或选择包含有效交易日的日期区间
2026-05-30 09:26:18 [INFO] 
============================================================
2026-05-30 09:26:18 [INFO] 回测结果摘要（无交易日）
2026-05-30 09:26:18 [INFO] ============================================================
2026-05-30 09:26:18 [INFO] 策略收益: 0.00%
2026-05-30 09:26:18 [INFO] 策略年化收益: 0.00%
2026-05-30 09:26:18 [INFO] 最大回撤: 0.00%
2026-05-30 09:26:18 [INFO] 夏普比率: 0.00
2026-05-30 09:26:18 [INFO] 日胜率: 0.00%
2026-05-30 09:26:18 [INFO] 交易胜率: 0.00%
2026-05-30 09:26:18 [INFO] 交易天数: 0
2026-05-30 09:26:18 [INFO] 初始资金: 100,000.00
2026-05-30 09:26:18 [INFO] 最终资金: 100,000.00
2026-05-30 09:26:18 [INFO] ============================================================
2026-05-30 09:26:29 [INFO] 日志将同时输出到文件: backtest_results/backtest.log (级别: INFO)
2026-05-30 09:26:29 [INFO] ============================================================
2026-05-30 09:26:29 [INFO] 开始回测: 2025-01-01 至 2025-12-01
2026-05-30 09:26:29 [INFO] 初始资金: 100,000.00
2026-05-30 09:26:29 [INFO] 回测频率: day
2026-05-30 09:26:29 [INFO] 日志文件: backtest_results/backtest.log
2026-05-30 09:26:29 [INFO] ============================================================
2026-05-30 09:26:29 [INFO] 加载策略文件: src/learning01/main.py
2026-05-30 09:26:29 [INFO] 策略文件加载成功
2026-05-30 09:26:29 [INFO] 调用策略初始化函数...
2026-05-30 09:26:30 [INFO] 策略初始化完成
2026-05-30 09:26:30 [INFO] 交易日数量: 221
2026-05-30 09:26:30 [INFO] 回测第一天的前一交易日: 2024-12-31
2026-05-30 09:26:30 [INFO] 加载基准数据: 000300.XSHG
2026-05-30 09:26:30 [INFO] 
============================================================
2026-05-30 09:26:30 [INFO] 交易日: 2025-01-02 (1/221)
[WARNING] [2025-01-02 09:35:00] 真实价格模式调用失败: 您的账号权限仅能获取2025-02-19至2026-02-26的数据，请调整时间参数后重试。如需更长时间的数据范围，可联系聚宽JQData运营人员咨询采购，回退到标准复权
[ERROR] [2025-01-02 09:35:00] 获取价格数据失败: 您的账号权限仅能获取2025-02-19至2026-02-26的数据，请调整时间参数后重试。如需更长时间的数据范围，可联系聚宽JQData运营人员咨询采购
[INFO] [2025-01-02 15:00:00] 账户总值: 100,000.00, 现金: 100,000.00, 持仓市值: 0.00
[INFO] [2025-01-02 15:00:00] 累计收益率: 0.00%
[INFO] [2025-01-02 15:00:00] 基准收益率: 0.00%, 累计超额收益: 0.00%
[INFO] [2025-01-02 15:00:00] 
============================================================
[INFO] [2025-01-02 15:00:00] 交易日: 2025-01-03 (2/221)
[WARNING] [2025-01-03 09:35:00] 真实价格模式调用失败: 您的账号权限仅能获取2025-02-19至2026-02-26的数据，请调整时间参数后重试。如需更长时间的数据范围，可联系聚宽JQData运营人员咨询采购，回退到标准复权
[ERROR] [2025-01-03 09:35:00] 获取价格数据失败: 您的账号权限仅能获取2025-02-19至2026-02-26的数据，请调整时间参数后重试。如需更长时间的数据范围，可联系聚宽JQData运营人员咨询采购
[INFO] [2025-01-03 15:00:00] 账户总值: 100,000.00, 现金: 100,000.00, 持仓市值: 0.00
[INFO] [2025-01-03 15:00:00] 累计收益率: 0.00%
[INFO] [2025-01-03 15:00:00] 基准收益率: -1.18%, 累计超额收益: 1.18%
[INFO] [2025-01-03 15:00:00] 
============================================================
[INFO] [2025-01-03 15:00:00] 交易日: 2025-01-06 (3/221)
[WARNING] [2025-01-06 09:35:00] 真实价格模式调用失败: 您的账号权限仅能获取2025-02-19至2026-02-26的数据，请调整时间参数后重试。如需更长时间的数据范围，可联系聚宽JQData运营人员咨询采购，回退到标准复权
[ERROR] [2025-01-06 09:35:00] 获取价格数据失败: 您的账号权限仅能获取2025-02-19至2026-02-26的数据，请调整时间参数后重试。如需更长时间的数据范围，可联系聚宽JQData运营人员咨询采购
[INFO] [2025-01-06 15:00:00] 账户总值: 100,000.00, 现金: 100,000.00, 持仓市值: 0.00
[INFO] [2025-01-06 15:00:00] 累计收益率: 0.00%
[INFO] [2025-01-06 15:00:00] 基准收益率: -1.35%, 累计超额收益: 1.35%
[INFO] [2025-01-06 15:00:00] 
============================================================
[INFO] [2025-01-06 15:00:00] 交易日: 2025-01-07 (4/221)
[WARNING] [2025-01-07 09:35:00] 真实价格模式调用失败: 您的账号权限仅能获取2025-02-19至2026-02-26的数据，请调整时间参数后重试。如需更长时间的数据范围，可联系聚宽JQData运营人员咨询采购，回退到标准复权
[ERROR] [2025-01-07 09:35:00] 获取价格数据失败: 您的账号权限仅能获取2025-02-19至2026-02-26的数据，请调整时间参数后重试。如需更长时间的数据范围，可联系聚宽JQData运营人员咨询采购
[INFO] [2025-01-07 15:00:00] 账户总值: 100,000.00, 现金: 100,000.00, 持仓市值: 0.00
[INFO] [2025-01-07 15:00:00] 累计收益率: 0.00%
[INFO] [2025-01-07 15:00:00] 基准收益率: -0.64%, 累计超额收益: 0.64%
[INFO] [2025-01-07 15:00:00] 
============================================================
[INFO] [2025-01-07 15:00:00] 交易日: 2025-01-08 (5/221)
[WARNING] [2025-01-08 09:35:00] 真实价格模式调用失败: 您的账号权限仅能获取2025-02-19至2026-02-26的数据，请调整时间参数后重试。如需更长时间的数据范围，可联系聚宽JQData运营人员咨询采购，回退到标准复权
[ERROR] [2025-01-08 09:35:00] 获取价格数据失败: 您的账号权限仅能获取2025-02-19至2026-02-26的数据，请调整时间参数后重试。如需更长时间的数据范围，可联系聚宽JQData运营人员咨询采购
[INFO] [2025-01-08 15:00:00] 账户总值: 100,000.00, 现金: 100,000.00, 持仓市值: 0.00
[INFO] [2025-01-08 15:00:00] 累计收益率: 0.00%
[INFO] [2025-01-08 15:00:00] 基准收益率: -0.82%, 累计超额收益: 0.82%
[INFO] [2025-01-08 15:00:00] 
============================================================
[INFO] [2025-01-08 15:00:00] 交易日: 2025-01-09 (6/221)
[WARNING] [2025-01-09 09:35:00] 真实价格模式调用失败: 您的账号权限仅能获取2025-02-19至2026-02-26的数据，请调整时间参数后重试。如需更长时间的数据范围，可联系聚宽JQData运营人员咨询采购，回退到标准复权
[ERROR] [2025-01-09 09:35:00] 获取价格数据失败: 您的账号权限仅能获取2025-02-19至2026-02-26的数据，请调整时间参数后重试。如需更长时间的数据范围，可联系聚宽JQData运营人员咨询采购
[INFO] [2025-01-09 15:00:00] 账户总值: 100,000.00, 现金: 100,000.00, 持仓市值: 0.00
[INFO] [2025-01-09 15:00:00] 累计收益率: 0.00%
[INFO] [2025-01-09 15:00:00] 基准收益率: -1.06%, 累计超额收益: 1.06%
[INFO] [2025-01-09 15:00:00] 
============================================================
[INFO] [2025-01-09 15:00:00] 交易日: 2025-01-10 (7/221)
[WARNING] [2025-01-10 09:35:00] 真实价格模式调用失败: 您的账号权限仅能获取2025-02-19至2026-02-26的数据，请调整时间参数后重试。如需更长时间的数据范围，可联系聚宽JQData运营人员咨询采购，回退到标准复权
[ERROR] [2025-01-10 09:35:00] 获取价格数据失败: 您的账号权限仅能获取2025-02-19至2026-02-26的数据，请调整时间参数后重试。如需更长时间的数据范围，可联系聚宽JQData运营人员咨询采购
[INFO] [2025-01-10 15:00:00] 账户总值: 100,000.00, 现金: 100,000.00, 持仓市值: 0.00
[INFO] [2025-01-10 15:00:00] 累计收益率: 0.00%
[INFO] [2025-01-10 15:00:00] 基准收益率: -2.30%, 累计超额收益: 2.30%
[INFO] [2025-01-10 15:00:00] 
============================================================
[INFO] [2025-01-10 15:00:00] 交易日: 2025-01-13 (8/221)
[WARNING] [2025-01-13 09:35:00] 真实价格模式调用失败: 您的账号权限仅能获取2025-02-19至2026-02-26的数据，请调整时间参数后重试。如需更长时间的数据范围，可联系聚宽JQData运营人员咨询采购，回退到标准复权
[ERROR] [2025-01-13 09:35:00] 获取价格数据失败: 您的账号权限仅能获取2025-02-19至2026-02-26的数据，请调整时间参数后重试。如需更长时间的数据范围，可联系聚宽JQData运营人员咨询采购
[INFO] [2025-01-13 15:00:00] 账户总值: 100,000.00, 现金: 100,000.00, 持仓市值: 0.00
[INFO] [2025-01-13 15:00:00] 累计收益率: 0.00%
[INFO] [2025-01-13 15:00:00] 基准收益率: -2.56%, 累计超额收益: 2.56%
[INFO] [2025-01-13 15:00:00] 
============================================================
[INFO] [2025-01-13 15:00:00] 交易日: 2025-01-14 (9/221)
[WARNING] [2025-01-14 09:35:00] 真实价格模式调用失败: 您的账号权限仅能获取2025-02-19至2026-02-26的数据，请调整时间参数后重试。如需更长时间的数据范围，可联系聚宽JQData运营人员咨询采购，回退到标准复权
[ERROR] [2025-01-14 09:35:00] 获取价格数据失败: 您的账号权限仅能获取2025-02-19至2026-02-26的数据，请调整时间参数后重试。如需更长时间的数据范围，可联系聚宽JQData运营人员咨询采购
[INFO] [2025-01-14 15:00:00] 账户总值: 100,000.00, 现金: 100,000.00, 持仓市值: 0.00
[INFO] [2025-01-14 15:00:00] 累计收益率: 0.00%
[INFO] [2025-01-14 15:00:00] 基准收益率: 0.00%, 累计超额收益: -0.00%
[INFO] [2025-01-14 15:00:00] 
============================================================
[INFO] [2025-01-14 15:00:00] 交易日: 2025-01-15 (10/221)
[WARNING] [2025-01-15 09:35:00] 真实价格模式调用失败: 您的账号权限仅能获取2025-02-19至2026-02-26的数据，请调整时间参数后重试。如需更长时间的数据范围，可联系聚宽JQData运营人员咨询采购，回退到标准复权
[ERROR] [2025-01-15 09:35:00] 获取价格数据失败: 您的账号权限仅能获取2025-02-19至2026-02-26的数据，请调整时间参数后重试。如需更长时间的数据范围，可联系聚宽JQData运营人员咨询采购
[INFO] [2025-01-15 15:00:00] 账户总值: 100,000.00, 现金: 100,000.00, 持仓市值: 0.00
[INFO] [2025-01-15 15:00:00] 累计收益率: 0.00%
[INFO] [2025-01-15 15:00:00] 基准收益率: -0.64%, 累计超额收益: 0.64%
[INFO] [2025-01-15 15:00:00] 
============================================================
[INFO] [2025-01-15 15:00:00] 交易日: 2025-01-16 (11/221)
[WARNING] [2025-01-16 09:35:00] 真实价格模式调用失败: 您的账号权限仅能获取2025-02-19至2026-02-26的数据，请调整时间参数后重试。如需更长时间的数据范围，可联系聚宽JQData运营人员咨询采购，回退到标准复权
[ERROR] [2025-01-16 09:35:00] 获取价格数据失败: 您的账号权限仅能获取2025-02-19至2026-02-26的数据，请调整时间参数后重试。如需更长时间的数据范围，可联系聚宽JQData运营人员咨询采购
[INFO] [2025-01-16 15:00:00] 账户总值: 100,000.00, 现金: 100,000.00, 持仓市值: 0.00
[INFO] [2025-01-16 15:00:00] 累计收益率: 0.00%
[INFO] [2025-01-16 15:00:00] 基准收益率: -0.52%, 累计超额收益: 0.52%
[INFO] [2025-01-16 15:00:00] 
============================================================
[INFO] [2025-01-16 15:00:00] 交易日: 2025-01-17 (12/221)
[WARNING] [2025-01-17 09:35:00] 真实价格模式调用失败: 您的账号权限仅能获取2025-02-19至2026-02-26的数据，请调整时间参数后重试。如需更长时间的数据范围，可联系聚宽JQData运营人员咨询采购，回退到标准复权
[ERROR] [2025-01-17 09:35:00] 获取价格数据失败: 您的账号权限仅能获取2025-02-19至2026-02-26的数据，请调整时间参数后重试。如需更长时间的数据范围，可联系聚宽JQData运营人员咨询采购
[INFO] [2025-01-17 15:00:00] 账户总值: 100,000.00, 现金: 100,000.00, 持仓市值: 0.00
[INFO] [2025-01-17 15:00:00] 累计收益率: 0.00%
[INFO] [2025-01-17 15:00:00] 基准收益率: -0.21%, 累计超额收益: 0.21%
[INFO] [2025-01-17 15:00:00] 
============================================================
[INFO] [2025-01-17 15:00:00] 交易日: 2025-01-20 (13/221)
[WARNING] [2025-01-20 09:35:00] 真实价格模式调用失败: 您的账号权限仅能获取2025-02-19至2026-02-26的数据，请调整时间参数后重试。如需更长时间的数据范围，可联系聚宽JQData运营人员咨询采购，回退到标准复权
[ERROR] [2025-01-20 09:35:00] 获取价格数据失败: 您的账号权限仅能获取2025-02-19至2026-02-26的数据，请调整时间参数后重试。如需更长时间的数据范围，可联系聚宽JQData运营人员咨询采购
[INFO] [2025-01-20 15:00:00] 账户总值: 100,000.00, 现金: 100,000.00, 持仓市值: 0.00
[INFO] [2025-01-20 15:00:00] 累计收益率: 0.00%
[INFO] [2025-01-20 15:00:00] 基准收益率: 0.24%, 累计超额收益: -0.24%
[INFO] [2025-01-20 15:00:00] 
============================================================
[INFO] [2025-01-20 15:00:00] 交易日: 2025-01-21 (14/221)
[WARNING] [2025-01-21 09:35:00] 真实价格模式调用失败: 您的账号权限仅能获取2025-02-19至2026-02-26的数据，请调整时间参数后重试。如需更长时间的数据范围，可联系聚宽JQData运营人员咨询采购，回退到标准复权
[ERROR] [2025-01-21 09:35:00] 获取价格数据失败: 您的账号权限仅能获取2025-02-19至2026-02-26的数据，请调整时间参数后重试。如需更长时间的数据范围，可联系聚宽JQData运营人员咨询采购
[INFO] [2025-01-21 15:00:00] 账户总值: 100,000.00, 现金: 100,000.00, 持仓市值: 0.00
[INFO] [2025-01-21 15:00:00] 累计收益率: 0.00%
[INFO] [2025-01-21 15:00:00] 基准收益率: 0.32%, 累计超额收益: -0.32%
[INFO] [2025-01-21 15:00:00] 
============================================================
[INFO] [2025-01-21 15:00:00] 交易日: 2025-01-22 (15/221)
[WARNING] [2025-01-22 09:35:00] 真实价格模式调用失败: 您的账号权限仅能获取2025-02-19至2026-02-26的数据，请调整时间参数后重试。如需更长时间的数据范围，可联系聚宽JQData运营人员咨询采购，回退到标准复权
[ERROR] [2025-01-22 09:35:00] 获取价格数据失败: 您的账号权限仅能获取2025-02-19至2026-02-26的数据，请调整时间参数后重试。如需更长时间的数据范围，可联系聚宽JQData运营人员咨询采购
[INFO] [2025-01-22 15:00:00] 账户总值: 100,000.00, 现金: 100,000.00, 持仓市值: 0.00
[INFO] [2025-01-22 15:00:00] 累计收益率: 0.00%
[INFO] [2025-01-22 15:00:00] 基准收益率: -0.61%, 累计超额收益: 0.61%
[INFO] [2025-01-22 15:00:00] 
============================================================
[INFO] [2025-01-22 15:00:00] 交易日: 2025-01-23 (16/221)
[WARNING] [2025-01-23 09:35:00] 真实价格模式调用失败: 您的账号权限仅能获取2025-02-19至2026-02-26的数据，请调整时间参数后重试。如需更长时间的数据范围，可联系聚宽JQData运营人员咨询采购，回退到标准复权
[ERROR] [2025-01-23 09:35:00] 获取价格数据失败: 您的账号权限仅能获取2025-02-19至2026-02-26的数据，请调整时间参数后重试。如需更长时间的数据范围，可联系聚宽JQData运营人员咨询采购
[INFO] [2025-01-23 15:00:00] 账户总值: 100,000.00, 现金: 100,000.00, 持仓市值: 0.00
[INFO] [2025-01-23 15:00:00] 累计收益率: 0.00%
[INFO] [2025-01-23 15:00:00] 基准收益率: -0.44%, 累计超额收益: 0.44%
[INFO] [2025-01-23 15:00:00] 
============================================================
[INFO] [2025-01-23 15:00:00] 交易日: 2025-01-24 (17/221)
[WARNING] [2025-01-24 09:35:00] 真实价格模式调用失败: 您的账号权限仅能获取2025-02-19至2026-02-26的数据，请调整时间参数后重试。如需更长时间的数据范围，可联系聚宽JQData运营人员咨询采购，回退到标准复权
[ERROR] [2025-01-24 09:35:00] 获取价格数据失败: 您的账号权限仅能获取2025-02-19至2026-02-26的数据，请调整时间参数后重试。如需更长时间的数据范围，可联系聚宽JQData运营人员咨询采购
[INFO] [2025-01-24 15:00:00] 账户总值: 100,000.00, 现金: 100,000.00, 持仓市值: 0.00
[INFO] [2025-01-24 15:00:00] 累计收益率: 0.00%
[INFO] [2025-01-24 15:00:00] 基准收益率: 0.33%, 累计超额收益: -0.33%
[INFO] [2025-01-24 15:00:00] 
============================================================
[INFO] [2025-01-24 15:00:00] 交易日: 2025-01-27 (18/221)
[WARNING] [2025-01-27 09:35:00] 真实价格模式调用失败: 您的账号权限仅能获取2025-02-19至2026-02-26的数据，请调整时间参数后重试。如需更长时间的数据范围，可联系聚宽JQData运营人员咨询采购，回退到标准复权
[ERROR] [2025-01-27 09:35:00] 获取价格数据失败: 您的账号权限仅能获取2025-02-19至2026-02-26的数据，请调整时间参数后重试。如需更长时间的数据范围，可联系聚宽JQData运营人员咨询采购
[INFO] [2025-01-27 15:00:00] 账户总值: 100,000.00, 现金: 100,000.00, 持仓市值: 0.00
[INFO] [2025-01-27 15:00:00] 累计收益率: 0.00%
[INFO] [2025-01-27 15:00:00] 基准收益率: -0.09%, 累计超额收益: 0.09%
[INFO] [2025-01-27 15:00:00] 
============================================================
[INFO] [2025-01-27 15:00:00] 交易日: 2025-02-05 (19/221)
[WARNING] [2025-02-05 09:35:00] 真实价格模式调用失败: 您的账号权限仅能获取2025-02-19至2026-02-26的数据，请调整时间参数后重试。如需更长时间的数据范围，可联系聚宽JQData运营人员咨询采购，回退到标准复权
[ERROR] [2025-02-05 09:35:00] 获取价格数据失败: 您的账号权限仅能获取2025-02-19至2026-02-26的数据，请调整时间参数后重试。如需更长时间的数据范围，可联系聚宽JQData运营人员咨询采购
[INFO] [2025-02-05 15:00:00] 账户总值: 100,000.00, 现金: 100,000.00, 持仓市值: 0.00
[INFO] [2025-02-05 15:00:00] 累计收益率: 0.00%
[INFO] [2025-02-05 15:00:00] 基准收益率: -0.66%, 累计超额收益: 0.66%
[INFO] [2025-02-05 15:00:00] 
============================================================
[INFO] [2025-02-05 15:00:00] 交易日: 2025-02-06 (20/221)
[WARNING] [2025-02-06 09:35:00] 真实价格模式调用失败: 您的账号权限仅能获取2025-02-19至2026-02-26的数据，请调整时间参数后重试。如需更长时间的数据范围，可联系聚宽JQData运营人员咨询采购，回退到标准复权
[ERROR] [2025-02-06 09:35:00] 获取价格数据失败: 您的账号权限仅能获取2025-02-19至2026-02-26的数据，请调整时间参数后重试。如需更长时间的数据范围，可联系聚宽JQData运营人员咨询采购
[INFO] [2025-02-06 15:00:00] 账户总值: 100,000.00, 现金: 100,000.00, 持仓市值: 0.00
[INFO] [2025-02-06 15:00:00] 累计收益率: 0.00%
[INFO] [2025-02-06 15:00:00] 基准收益率: 0.59%, 累计超额收益: -0.59%
[INFO] [2025-02-06 15:00:00] 
============================================================
[INFO] [2025-02-06 15:00:00] 交易日: 2025-02-07 (21/221)
[WARNING] [2025-02-07 09:35:00] 真实价格模式调用失败: 您的账号权限仅能获取2025-02-19至2026-02-26的数据，请调整时间参数后重试。如需更长时间的数据范围，可联系聚宽JQData运营人员咨询采购，回退到标准复权
[ERROR] [2025-02-07 09:35:00] 获取价格数据失败: 您的账号权限仅能获取2025-02-19至2026-02-26的数据，请调整时间参数后重试。如需更长时间的数据范围，可联系聚宽JQData运营人员咨询采购
[INFO] [2025-02-07 15:00:00] 账户总值: 100,000.00, 现金: 100,000.00, 持仓市值: 0.00
[INFO] [2025-02-07 15:00:00] 累计收益率: 0.00%
[INFO] [2025-02-07 15:00:00] 基准收益率: 1.89%, 累计超额收益: -1.89%
[INFO] [2025-02-07 15:00:00] 
============================================================
[INFO] [2025-02-07 15:00:00] 交易日: 2025-02-10 (22/221)
[WARNING] [2025-02-10 09:35:00] 真实价格模式调用失败: 您的账号权限仅能获取2025-02-19至2026-02-26的数据，请调整时间参数后重试。如需更长时间的数据范围，可联系聚宽JQData运营人员咨询采购，回退到标准复权
[ERROR] [2025-02-10 09:35:00] 获取价格数据失败: 您的账号权限仅能获取2025-02-19至2026-02-26的数据，请调整时间参数后重试。如需更长时间的数据范围，可联系聚宽JQData运营人员咨询采购
[INFO] [2025-02-10 15:00:00] 账户总值: 100,000.00, 现金: 100,000.00, 持仓市值: 0.00
[INFO] [2025-02-10 15:00:00] 累计收益率: 0.00%
[INFO] [2025-02-10 15:00:00] 基准收益率: 2.11%, 累计超额收益: -2.11%
[INFO] [2025-02-10 15:00:00] 
============================================================
[INFO] [2025-02-10 15:00:00] 交易日: 2025-02-11 (23/221)
[WARNING] [2025-02-11 09:35:00] 真实价格模式调用失败: 您的账号权限仅能获取2025-02-19至2026-02-26的数据，请调整时间参数后重试。如需更长时间的数据范围，可联系聚宽JQData运营人员咨询采购，回退到标准复权
[ERROR] [2025-02-11 09:35:00] 获取价格数据失败: 您的账号权限仅能获取2025-02-19至2026-02-26的数据，请调整时间参数后重试。如需更长时间的数据范围，可联系聚宽JQData运营人员咨询采购
[INFO] [2025-02-11 15:00:00] 账户总值: 100,000.00, 现金: 100,000.00, 持仓市值: 0.00
[INFO] [2025-02-11 15:00:00] 累计收益率: 0.00%
[INFO] [2025-02-11 15:00:00] 基准收益率: 1.64%, 累计超额收益: -1.64%
[INFO] [2025-02-11 15:00:00] 
============================================================
[INFO] [2025-02-11 15:00:00] 交易日: 2025-02-12 (24/221)
[WARNING] [2025-02-12 09:35:00] 真实价格模式调用失败: 您的账号权限仅能获取2025-02-19至2026-02-26的数据，请调整时间参数后重试。如需更长时间的数据范围，可联系聚宽JQData运营人员咨询采购，回退到标准复权
[ERROR] [2025-02-12 09:35:00] 获取价格数据失败: 您的账号权限仅能获取2025-02-19至2026-02-26的数据，请调整时间参数后重试。如需更长时间的数据范围，可联系聚宽JQData运营人员咨询采购
[INFO] [2025-02-12 15:00:00] 账户总值: 100,000.00, 现金: 100,000.00, 持仓市值: 0.00
[INFO] [2025-02-12 15:00:00] 累计收益率: 0.00%
[INFO] [2025-02-12 15:00:00] 基准收益率: 2.60%, 累计超额收益: -2.60%
[INFO] [2025-02-12 15:00:00] 
============================================================
[INFO] [2025-02-12 15:00:00] 交易日: 2025-02-13 (25/221)
[WARNING] [2025-02-13 09:35:00] 真实价格模式调用失败: 您的账号权限仅能获取2025-02-19至2026-02-26的数据，请调整时间参数后重试。如需更长时间的数据范围，可联系聚宽JQData运营人员咨询采购，回退到标准复权
[ERROR] [2025-02-13 09:35:00] 获取价格数据失败: 您的账号权限仅能获取2025-02-19至2026-02-26的数据，请调整时间参数后重试。如需更长时间的数据范围，可联系聚宽JQData运营人员咨询采购
[INFO] [2025-02-13 15:00:00] 账户总值: 100,000.00, 现金: 100,000.00, 持仓市值: 0.00
[INFO] [2025-02-13 15:00:00] 累计收益率: 0.00%
[INFO] [2025-02-13 15:00:00] 基准收益率: 2.22%, 累计超额收益: -2.22%
[INFO] [2025-02-13 15:00:00] 
============================================================
[INFO] [2025-02-13 15:00:00] 交易日: 2025-02-14 (26/221)
[WARNING] [2025-02-14 09:35:00] 真实价格模式调用失败: 您的账号权限仅能获取2025-02-19至2026-02-26的数据，请调整时间参数后重试。如需更长时间的数据范围，可联系聚宽JQData运营人员咨询采购，回退到标准复权
[ERROR] [2025-02-14 09:35:00] 获取价格数据失败: 您的账号权限仅能获取2025-02-19至2026-02-26的数据，请调整时间参数后重试。如需更长时间的数据范围，可联系聚宽JQData运营人员咨询采购
[INFO] [2025-02-14 15:00:00] 账户总值: 100,000.00, 现金: 100,000.00, 持仓市值: 0.00
[INFO] [2025-02-14 15:00:00] 累计收益率: 0.00%
[INFO] [2025-02-14 15:00:00] 基准收益率: 3.10%, 累计超额收益: -3.10%
[INFO] [2025-02-14 15:00:00] 
============================================================
[INFO] [2025-02-14 15:00:00] 交易日: 2025-02-17 (27/221)
[WARNING] [2025-02-17 09:35:00] 真实价格模式调用失败: 您的账号权限仅能获取2025-02-19至2026-02-26的数据，请调整时间参数后重试。如需更长时间的数据范围，可联系聚宽JQData运营人员咨询采购，回退到标准复权
[ERROR] [2025-02-17 09:35:00] 获取价格数据失败: 您的账号权限仅能获取2025-02-19至2026-02-26的数据，请调整时间参数后重试。如需更长时间的数据范围，可联系聚宽JQData运营人员咨询采购
[INFO] [2025-02-17 15:00:00] 账户总值: 100,000.00, 现金: 100,000.00, 持仓市值: 0.00
[INFO] [2025-02-17 15:00:00] 累计收益率: 0.00%
[INFO] [2025-02-17 15:00:00] 基准收益率: 3.32%, 累计超额收益: -3.32%
[INFO] [2025-02-17 15:00:00] 
============================================================
[INFO] [2025-02-17 15:00:00] 交易日: 2025-02-18 (28/221)
[WARNING] [2025-02-18 09:35:00] 真实价格模式调用失败: 您的账号权限仅能获取2025-02-19至2026-02-26的数据，请调整时间参数后重试。如需更长时间的数据范围，可联系聚宽JQData运营人员咨询采购，回退到标准复权
[ERROR] [2025-02-18 09:35:00] 获取价格数据失败: 您的账号权限仅能获取2025-02-19至2026-02-26的数据，请调整时间参数后重试。如需更长时间的数据范围，可联系聚宽JQData运营人员咨询采购
[INFO] [2025-02-18 15:00:00] 账户总值: 100,000.00, 现金: 100,000.00, 持仓市值: 0.00
[INFO] [2025-02-18 15:00:00] 累计收益率: 0.00%
[INFO] [2025-02-18 15:00:00] 基准收益率: 2.42%, 累计超额收益: -2.42%
[INFO] [2025-02-18 15:00:00] 
============================================================
[INFO] [2025-02-18 15:00:00] 交易日: 2025-02-19 (29/221)
[WARNING] [2025-02-19 09:35:00] 真实价格模式调用失败: 您的账号权限仅能获取2025-02-19至2026-02-26的数据，请调整时间参数后重试。如需更长时间的数据范围，可联系聚宽JQData运营人员咨询采购，回退到标准复权
[ERROR] [2025-02-19 09:35:00] 获取价格数据失败: 您的账号权限仅能获取2025-02-19至2026-02-26的数据，请调整时间参数后重试。如需更长时间的数据范围，可联系聚宽JQData运营人员咨询采购
[INFO] [2025-02-19 15:00:00] 账户总值: 100,000.00, 现金: 100,000.00, 持仓市值: 0.00
[INFO] [2025-02-19 15:00:00] 累计收益率: 0.00%
[INFO] [2025-02-19 15:00:00] 基准收益率: 3.13%, 累计超额收益: -3.13%
[INFO] [2025-02-19 15:00:00] 
============================================================
[INFO] [2025-02-19 15:00:00] 交易日: 2025-02-20 (30/221)
[INFO] [2025-02-20 09:35:00] 处理 1 个订单
[INFO] [2025-02-20 09:35:00] 000001.XSHE 缩量至可下单上限: 8400
[INFO] [2025-02-20 09:35:00] 买入 000001.XSHE: 8400 股, 委托价 11.90, 成交价 11.73, 费用 29.56
[INFO] [2025-02-20 15:00:00] 账户总值: 99,382.44, 现金: 1,438.44, 持仓市值: 97,944.00
[INFO] [2025-02-20 15:00:00] 累计收益率: -0.62%
[INFO] [2025-02-20 15:00:00] 基准收益率: 2.84%, 累计超额收益: -3.46%
[INFO] [2025-02-20 15:00:00] 
============================================================
[INFO] [2025-02-20 15:00:00] 交易日: 2025-02-21 (31/221)
[INFO] [2025-02-21 15:00:00] 账户总值: 99,214.44, 现金: 1,438.44, 持仓市值: 97,776.00
[INFO] [2025-02-21 15:00:00] 累计收益率: -0.79%
[INFO] [2025-02-21 15:00:00] 基准收益率: 4.14%, 累计超额收益: -4.92%
[INFO] [2025-02-21 15:00:00] 
============================================================
[INFO] [2025-02-21 15:00:00] 交易日: 2025-02-24 (32/221)
[INFO] [2025-02-24 15:00:00] 账户总值: 98,794.44, 现金: 1,438.44, 持仓市值: 97,356.00
[INFO] [2025-02-24 15:00:00] 累计收益率: -1.21%
[INFO] [2025-02-24 15:00:00] 基准收益率: 3.91%, 累计超额收益: -5.11%
[INFO] [2025-02-24 15:00:00] 
============================================================
[INFO] [2025-02-24 15:00:00] 交易日: 2025-02-25 (33/221)
[INFO] [2025-02-25 15:00:00] 账户总值: 97,786.44, 现金: 1,438.44, 持仓市值: 96,348.00
[INFO] [2025-02-25 15:00:00] 累计收益率: -2.21%
[INFO] [2025-02-25 15:00:00] 基准收益率: 2.75%, 累计超额收益: -4.97%
[INFO] [2025-02-25 15:00:00] 
============================================================
[INFO] [2025-02-25 15:00:00] 交易日: 2025-02-26 (34/221)
[INFO] [2025-02-26 15:00:00] 账户总值: 98,206.44, 现金: 1,438.44, 持仓市值: 96,768.00
[INFO] [2025-02-26 15:00:00] 累计收益率: -1.79%
[INFO] [2025-02-26 15:00:00] 基准收益率: 3.65%, 累计超额收益: -5.45%
[INFO] [2025-02-26 15:00:00] 
============================================================
[INFO] [2025-02-26 15:00:00] 交易日: 2025-02-27 (35/221)
[INFO] [2025-02-27 15:00:00] 账户总值: 99,046.44, 现金: 1,438.44, 持仓市值: 97,608.00
[INFO] [2025-02-27 15:00:00] 累计收益率: -0.95%
[INFO] [2025-02-27 15:00:00] 基准收益率: 3.87%, 累计超额收益: -4.82%
[INFO] [2025-02-27 15:00:00] 
============================================================
[INFO] [2025-02-27 15:00:00] 交易日: 2025-02-28 (36/221)
[INFO] [2025-02-28 15:00:00] 账户总值: 98,290.44, 现金: 1,438.44, 持仓市值: 96,852.00
[INFO] [2025-02-28 15:00:00] 累计收益率: -1.71%
[INFO] [2025-02-28 15:00:00] 基准收益率: 1.82%, 累计超额收益: -3.53%
[INFO] [2025-02-28 15:00:00] 
============================================================
[INFO] [2025-02-28 15:00:00] 交易日: 2025-03-03 (37/221)
[INFO] [2025-03-03 15:00:00] 账户总值: 98,122.44, 现金: 1,438.44, 持仓市值: 96,684.00
[INFO] [2025-03-03 15:00:00] 累计收益率: -1.88%
[INFO] [2025-03-03 15:00:00] 基准收益率: 1.78%, 累计超额收益: -3.66%
[INFO] [2025-03-03 15:00:00] 
============================================================
[INFO] [2025-03-03 15:00:00] 交易日: 2025-03-04 (38/221)
[INFO] [2025-03-04 09:35:00] 处理 1 个订单
[INFO] [2025-03-04 09:35:00] 卖出 000001.XSHE: 8400 股, 成交价 11.46, 费用 125.14
[INFO] [2025-03-04 15:00:00] 账户总值: 97,577.30, 现金: 97,577.30, 持仓市值: 0.00
[INFO] [2025-03-04 15:00:00] 累计收益率: -2.42%
[INFO] [2025-03-04 15:00:00] 基准收益率: 1.70%, 累计超额收益: -4.12%
[INFO] [2025-03-04 15:00:00] 
============================================================
[INFO] [2025-03-04 15:00:00] 交易日: 2025-03-05 (39/221)
[INFO] [2025-03-05 15:00:00] 账户总值: 97,577.30, 现金: 97,577.30, 持仓市值: 0.00
[INFO] [2025-03-05 15:00:00] 累计收益率: -2.42%
[INFO] [2025-03-05 15:00:00] 基准收益率: 2.15%, 累计超额收益: -4.57%
[INFO] [2025-03-05 15:00:00] 
============================================================
[INFO] [2025-03-05 15:00:00] 交易日: 2025-03-06 (40/221)
[INFO] [2025-03-06 09:35:00] 处理 1 个订单
[INFO] [2025-03-06 09:35:00] 000001.XSHE 缩量至可下单上限: 8266
[INFO] [2025-03-06 09:35:00] 买入 000001.XSHE: 8200 股, 委托价 11.80, 成交价 11.64, 费用 28.63
[INFO] [2025-03-06 15:00:00] 账户总值: 97,466.67, 现金: 2,100.67, 持仓市值: 95,366.00
[INFO] [2025-03-06 15:00:00] 累计收益率: -2.53%
[INFO] [2025-03-06 15:00:00] 基准收益率: 3.56%, 累计超额收益: -6.09%
[INFO] [2025-03-06 15:00:00] 
============================================================
[INFO] [2025-03-06 15:00:00] 交易日: 2025-03-07 (41/221)
[INFO] [2025-03-07 15:00:00] 账户总值: 97,794.67, 现金: 2,100.67, 持仓市值: 95,694.00
[INFO] [2025-03-07 15:00:00] 累计收益率: -2.21%
[INFO] [2025-03-07 15:00:00] 基准收益率: 3.24%, 累计超额收益: -5.44%
[INFO] [2025-03-07 15:00:00] 
============================================================
[INFO] [2025-03-07 15:00:00] 交易日: 2025-03-10 (42/221)
[INFO] [2025-03-10 15:00:00] 账户总值: 97,138.67, 现金: 2,100.67, 持仓市值: 95,038.00
[INFO] [2025-03-10 15:00:00] 累计收益率: -2.86%
[INFO] [2025-03-10 15:00:00] 基准收益率: 2.84%, 累计超额收益: -5.70%
[INFO] [2025-03-10 15:00:00] 
============================================================
[INFO] [2025-03-10 15:00:00] 交易日: 2025-03-11 (43/221)
[INFO] [2025-03-11 15:00:00] 账户总值: 97,302.67, 现金: 2,100.67, 持仓市值: 95,202.00
[INFO] [2025-03-11 15:00:00] 累计收益率: -2.70%
[INFO] [2025-03-11 15:00:00] 基准收益率: 3.17%, 累计超额收益: -5.87%
[INFO] [2025-03-11 15:00:00] 
============================================================
[INFO] [2025-03-11 15:00:00] 交易日: 2025-03-12 (44/221)
[INFO] [2025-03-12 15:00:00] 账户总值: 99,270.67, 现金: 2,100.67, 持仓市值: 97,170.00
[INFO] [2025-03-12 15:00:00] 累计收益率: -0.73%
[INFO] [2025-03-12 15:00:00] 基准收益率: 2.80%, 累计超额收益: -3.53%
[INFO] [2025-03-12 15:00:00] 
============================================================
[INFO] [2025-03-12 15:00:00] 交易日: 2025-03-13 (45/221)
[INFO] [2025-03-13 15:00:00] 账户总值: 99,188.67, 现金: 2,100.67, 持仓市值: 97,088.00
[INFO] [2025-03-13 15:00:00] 累计收益率: -0.81%
[INFO] [2025-03-13 15:00:00] 基准收益率: 2.39%, 累计超额收益: -3.20%
[INFO] [2025-03-13 15:00:00] 
============================================================
[INFO] [2025-03-13 15:00:00] 交易日: 2025-03-14 (46/221)
[INFO] [2025-03-14 15:00:00] 账户总值: 100,254.67, 现金: 2,100.67, 持仓市值: 98,154.00
[INFO] [2025-03-14 15:00:00] 累计收益率: 0.25%
[INFO] [2025-03-14 15:00:00] 基准收益率: 4.87%, 累计超额收益: -4.62%
[INFO] [2025-03-14 15:00:00] 
============================================================
[INFO] [2025-03-14 15:00:00] 交易日: 2025-03-17 (47/221)
[INFO] [2025-03-17 15:00:00] 账户总值: 96,400.67, 现金: 2,100.67, 持仓市值: 94,300.00
[INFO] [2025-03-17 15:00:00] 累计收益率: -3.60%
[INFO] [2025-03-17 15:00:00] 基准收益率: 4.62%, 累计超额收益: -8.22%
[INFO] [2025-03-17 15:00:00] 
============================================================
[INFO] [2025-03-17 15:00:00] 交易日: 2025-03-18 (48/221)
[INFO] [2025-03-18 15:00:00] 账户总值: 96,318.67, 现金: 2,100.67, 持仓市值: 94,218.00
[INFO] [2025-03-18 15:00:00] 累计收益率: -3.68%
[INFO] [2025-03-18 15:00:00] 基准收益率: 4.90%, 累计超额收益: -8.58%
[INFO] [2025-03-18 15:00:00] 
============================================================
[INFO] [2025-03-18 15:00:00] 交易日: 2025-03-19 (49/221)
[INFO] [2025-03-19 15:00:00] 账户总值: 96,564.67, 现金: 2,100.67, 持仓市值: 94,464.00
[INFO] [2025-03-19 15:00:00] 累计收益率: -3.44%
[INFO] [2025-03-19 15:00:00] 基准收益率: 4.97%, 累计超额收益: -8.40%
[INFO] [2025-03-19 15:00:00] 
============================================================
[INFO] [2025-03-19 15:00:00] 交易日: 2025-03-20 (50/221)
[INFO] [2025-03-20 15:00:00] 账户总值: 96,318.67, 现金: 2,100.67, 持仓市值: 94,218.00
[INFO] [2025-03-20 15:00:00] 累计收益率: -3.68%
[INFO] [2025-03-20 15:00:00] 基准收益率: 4.05%, 累计超额收益: -7.73%
[INFO] [2025-03-20 15:00:00] 
============================================================
[INFO] [2025-03-20 15:00:00] 交易日: 2025-03-21 (51/221)
[INFO] [2025-03-21 09:35:00] 处理 1 个订单
[INFO] [2025-03-21 09:35:00] 卖出 000001.XSHE: 8200 股, 成交价 11.50, 费用 122.59
[INFO] [2025-03-21 15:00:00] 账户总值: 96,278.08, 现金: 96,278.08, 持仓市值: 0.00
[INFO] [2025-03-21 15:00:00] 累计收益率: -3.72%
[INFO] [2025-03-21 15:00:00] 基准收益率: 2.47%, 累计超额收益: -6.19%
[INFO] [2025-03-21 15:00:00] 
============================================================
[INFO] [2025-03-21 15:00:00] 交易日: 2025-03-24 (52/221)
[INFO] [2025-03-24 15:00:00] 账户总值: 96,278.08, 现金: 96,278.08, 持仓市值: 0.00
[INFO] [2025-03-24 15:00:00] 累计收益率: -3.72%
[INFO] [2025-03-24 15:00:00] 基准收益率: 3.00%, 累计超额收益: -6.72%
[INFO] [2025-03-24 15:00:00] 
============================================================
[INFO] [2025-03-24 15:00:00] 交易日: 2025-03-25 (53/221)
2026-05-30 09:26:51 [INFO] 日志将同时输出到文件: backtest_results/backtest.log (级别: INFO)
2026-05-30 09:26:51 [INFO] ============================================================
2026-05-30 09:26:51 [INFO] 开始回测: 2025-02-19 至 2025-12-01
2026-05-30 09:26:51 [INFO] 初始资金: 100,000.00
2026-05-30 09:26:51 [INFO] 回测频率: day
2026-05-30 09:26:51 [INFO] 日志文件: backtest_results/backtest.log
2026-05-30 09:26:51 [INFO] ============================================================
2026-05-30 09:26:51 [INFO] 加载策略文件: src/learning01/main.py
2026-05-30 09:26:51 [INFO] 策略文件加载成功
2026-05-30 09:26:51 [INFO] 调用策略初始化函数...
2026-05-30 09:26:51 [INFO] 策略初始化完成
2026-05-30 09:26:51 [INFO] 交易日数量: 193
2026-05-30 09:26:51 [INFO] 回测第一天的前一交易日: 2025-02-18
2026-05-30 09:26:51 [INFO] 加载基准数据: 000300.XSHG
2026-05-30 09:26:51 [INFO] 
============================================================
2026-05-30 09:26:51 [INFO] 交易日: 2025-02-19 (1/193)
[WARNING] [2025-02-19 09:35:00] 真实价格模式调用失败: 您的账号权限仅能获取2025-02-19至2026-02-26的数据，请调整时间参数后重试。如需更长时间的数据范围，可联系聚宽JQData运营人员咨询采购，回退到标准复权
[ERROR] [2025-02-19 09:35:00] 获取价格数据失败: 您的账号权限仅能获取2025-02-19至2026-02-26的数据，请调整时间参数后重试。如需更长时间的数据范围，可联系聚宽JQData运营人员咨询采购
[INFO] [2025-02-19 15:00:00] 账户总值: 100,000.00, 现金: 100,000.00, 持仓市值: 0.00
[INFO] [2025-02-19 15:00:00] 累计收益率: 0.00%
[INFO] [2025-02-19 15:00:00] 基准收益率: 0.00%, 累计超额收益: 0.00%
[INFO] [2025-02-19 15:00:00] 
============================================================
[INFO] [2025-02-19 15:00:00] 交易日: 2025-02-20 (2/193)
[INFO] [2025-02-20 09:35:00] 处理 1 个订单
[INFO] [2025-02-20 09:35:00] 000001.XSHE 缩量至可下单上限: 8400
[INFO] [2025-02-20 09:35:00] 买入 000001.XSHE: 8400 股, 委托价 11.90, 成交价 11.73, 费用 29.56
[INFO] [2025-02-20 15:00:00] 账户总值: 99,382.44, 现金: 1,438.44, 持仓市值: 97,944.00
[INFO] [2025-02-20 15:00:00] 累计收益率: -0.62%
[INFO] [2025-02-20 15:00:00] 基准收益率: -0.29%, 累计超额收益: -0.33%
[INFO] [2025-02-20 15:00:00] 
============================================================
[INFO] [2025-02-20 15:00:00] 交易日: 2025-02-21 (3/193)
[INFO] [2025-02-21 15:00:00] 账户总值: 99,214.44, 现金: 1,438.44, 持仓市值: 97,776.00
[INFO] [2025-02-21 15:00:00] 累计收益率: -0.79%
[INFO] [2025-02-21 15:00:00] 基准收益率: 0.97%, 累计超额收益: -1.76%
[INFO] [2025-02-21 15:00:00] 
============================================================
[INFO] [2025-02-21 15:00:00] 交易日: 2025-02-24 (4/193)
[INFO] [2025-02-24 15:00:00] 账户总值: 98,794.44, 现金: 1,438.44, 持仓市值: 97,356.00
[INFO] [2025-02-24 15:00:00] 累计收益率: -1.21%
[INFO] [2025-02-24 15:00:00] 基准收益率: 0.75%, 累计超额收益: -1.96%
[INFO] [2025-02-24 15:00:00] 
============================================================
[INFO] [2025-02-24 15:00:00] 交易日: 2025-02-25 (5/193)
[INFO] [2025-02-25 15:00:00] 账户总值: 97,786.44, 现金: 1,438.44, 持仓市值: 96,348.00
[INFO] [2025-02-25 15:00:00] 累计收益率: -2.21%
[INFO] [2025-02-25 15:00:00] 基准收益率: -0.37%, 累计超额收益: -1.85%
[INFO] [2025-02-25 15:00:00] 
============================================================
[INFO] [2025-02-25 15:00:00] 交易日: 2025-02-26 (6/193)
[INFO] [2025-02-26 15:00:00] 账户总值: 98,206.44, 现金: 1,438.44, 持仓市值: 96,768.00
[INFO] [2025-02-26 15:00:00] 累计收益率: -1.79%
[INFO] [2025-02-26 15:00:00] 基准收益率: 0.50%, 累计超额收益: -2.30%
[INFO] [2025-02-26 15:00:00] 
============================================================
[INFO] [2025-02-26 15:00:00] 交易日: 2025-02-27 (7/193)
[INFO] [2025-02-27 15:00:00] 账户总值: 99,046.44, 现金: 1,438.44, 持仓市值: 97,608.00
[INFO] [2025-02-27 15:00:00] 累计收益率: -0.95%
[INFO] [2025-02-27 15:00:00] 基准收益率: 0.71%, 累计超额收益: -1.66%
[INFO] [2025-02-27 15:00:00] 
============================================================
[INFO] [2025-02-27 15:00:00] 交易日: 2025-02-28 (8/193)
[INFO] [2025-02-28 15:00:00] 账户总值: 98,290.44, 现金: 1,438.44, 持仓市值: 96,852.00
[INFO] [2025-02-28 15:00:00] 累计收益率: -1.71%
[INFO] [2025-02-28 15:00:00] 基准收益率: -1.27%, 累计超额收益: -0.44%
[INFO] [2025-02-28 15:00:00] 
============================================================
[INFO] [2025-02-28 15:00:00] 交易日: 2025-03-03 (9/193)
[INFO] [2025-03-03 15:00:00] 账户总值: 98,122.44, 现金: 1,438.44, 持仓市值: 96,684.00
[INFO] [2025-03-03 15:00:00] 累计收益率: -1.88%
[INFO] [2025-03-03 15:00:00] 基准收益率: -1.31%, 累计超额收益: -0.57%
[INFO] [2025-03-03 15:00:00] 
============================================================
[INFO] [2025-03-03 15:00:00] 交易日: 2025-03-04 (10/193)
[INFO] [2025-03-04 09:35:00] 处理 1 个订单
[INFO] [2025-03-04 09:35:00] 卖出 000001.XSHE: 8400 股, 成交价 11.46, 费用 125.14
[INFO] [2025-03-04 15:00:00] 账户总值: 97,577.30, 现金: 97,577.30, 持仓市值: 0.00
[INFO] [2025-03-04 15:00:00] 累计收益率: -2.42%
[INFO] [2025-03-04 15:00:00] 基准收益率: -1.39%, 累计超额收益: -1.03%
[INFO] [2025-03-04 15:00:00] 
============================================================
[INFO] [2025-03-04 15:00:00] 交易日: 2025-03-05 (11/193)
[INFO] [2025-03-05 15:00:00] 账户总值: 97,577.30, 现金: 97,577.30, 持仓市值: 0.00
[INFO] [2025-03-05 15:00:00] 累计收益率: -2.42%
[INFO] [2025-03-05 15:00:00] 基准收益率: -0.95%, 累计超额收益: -1.47%
[INFO] [2025-03-05 15:00:00] 
============================================================
[INFO] [2025-03-05 15:00:00] 交易日: 2025-03-06 (12/193)
2026-05-30 09:27:05 [INFO] 日志将同时输出到文件: backtest_results/backtest.log (级别: INFO)
2026-05-30 09:27:05 [INFO] ============================================================
2026-05-30 09:27:05 [INFO] 开始回测: 2025-02-20 至 2025-12-01
2026-05-30 09:27:05 [INFO] 初始资金: 100,000.00
2026-05-30 09:27:05 [INFO] 回测频率: day
2026-05-30 09:27:05 [INFO] 日志文件: backtest_results/backtest.log
2026-05-30 09:27:05 [INFO] ============================================================
2026-05-30 09:27:05 [INFO] 加载策略文件: src/learning01/main.py
2026-05-30 09:27:05 [INFO] 策略文件加载成功
2026-05-30 09:27:05 [INFO] 调用策略初始化函数...
2026-05-30 09:27:05 [INFO] 策略初始化完成
2026-05-30 09:27:06 [INFO] 交易日数量: 192
2026-05-30 09:27:06 [INFO] 回测第一天的前一交易日: 2025-02-19
2026-05-30 09:27:06 [INFO] 加载基准数据: 000300.XSHG
2026-05-30 09:27:06 [INFO] 
============================================================
2026-05-30 09:27:06 [INFO] 交易日: 2025-02-20 (1/192)
[INFO] [2025-02-20 09:35:00] 处理 1 个订单
[INFO] [2025-02-20 09:35:00] 000001.XSHE 缩量至可下单上限: 8400
[INFO] [2025-02-20 09:35:00] 买入 000001.XSHE: 8400 股, 委托价 11.90, 成交价 11.73, 费用 29.56
[INFO] [2025-02-20 15:00:00] 账户总值: 99,382.44, 现金: 1,438.44, 持仓市值: 97,944.00
[INFO] [2025-02-20 15:00:00] 累计收益率: -0.62%
[INFO] [2025-02-20 15:00:00] 基准收益率: 0.00%, 累计超额收益: -0.62%
[INFO] [2025-02-20 15:00:00] 
============================================================
[INFO] [2025-02-20 15:00:00] 交易日: 2025-02-21 (2/192)
[INFO] [2025-02-21 15:00:00] 账户总值: 99,214.44, 现金: 1,438.44, 持仓市值: 97,776.00
[INFO] [2025-02-21 15:00:00] 累计收益率: -0.79%
[INFO] [2025-02-21 15:00:00] 基准收益率: 1.26%, 累计超额收益: -2.05%
[INFO] [2025-02-21 15:00:00] 
============================================================
[INFO] [2025-02-21 15:00:00] 交易日: 2025-02-24 (3/192)
[INFO] [2025-02-24 15:00:00] 账户总值: 98,794.44, 现金: 1,438.44, 持仓市值: 97,356.00
[INFO] [2025-02-24 15:00:00] 累计收益率: -1.21%
[INFO] [2025-02-24 15:00:00] 基准收益率: 1.04%, 累计超额收益: -2.24%
[INFO] [2025-02-24 15:00:00] 
============================================================
[INFO] [2025-02-24 15:00:00] 交易日: 2025-02-25 (4/192)
[INFO] [2025-02-25 15:00:00] 账户总值: 97,786.44, 现金: 1,438.44, 持仓市值: 96,348.00
[INFO] [2025-02-25 15:00:00] 累计收益率: -2.21%
[INFO] [2025-02-25 15:00:00] 基准收益率: -0.08%, 累计超额收益: -2.13%
[INFO] [2025-02-25 15:00:00] 
============================================================
[INFO] [2025-02-25 15:00:00] 交易日: 2025-02-26 (5/192)
[INFO] [2025-02-26 15:00:00] 账户总值: 98,206.44, 现金: 1,438.44, 持仓市值: 96,768.00
[INFO] [2025-02-26 15:00:00] 累计收益率: -1.79%
[INFO] [2025-02-26 15:00:00] 基准收益率: 0.79%, 累计超额收益: -2.58%
[INFO] [2025-02-26 15:00:00] 
============================================================
[INFO] [2025-02-26 15:00:00] 交易日: 2025-02-27 (6/192)
[INFO] [2025-02-27 15:00:00] 账户总值: 99,046.44, 现金: 1,438.44, 持仓市值: 97,608.00
[INFO] [2025-02-27 15:00:00] 累计收益率: -0.95%
[INFO] [2025-02-27 15:00:00] 基准收益率: 1.00%, 累计超额收益: -1.95%
[INFO] [2025-02-27 15:00:00] 
============================================================
[INFO] [2025-02-27 15:00:00] 交易日: 2025-02-28 (7/192)
[INFO] [2025-02-28 15:00:00] 账户总值: 98,290.44, 现金: 1,438.44, 持仓市值: 96,852.00
[INFO] [2025-02-28 15:00:00] 累计收益率: -1.71%
[INFO] [2025-02-28 15:00:00] 基准收益率: -0.99%, 累计超额收益: -0.72%
[INFO] [2025-02-28 15:00:00] 
============================================================
[INFO] [2025-02-28 15:00:00] 交易日: 2025-03-03 (8/192)
[INFO] [2025-03-03 15:00:00] 账户总值: 98,122.44, 现金: 1,438.44, 持仓市值: 96,684.00
[INFO] [2025-03-03 15:00:00] 累计收益率: -1.88%
[INFO] [2025-03-03 15:00:00] 基准收益率: -1.03%, 累计超额收益: -0.85%
[INFO] [2025-03-03 15:00:00] 
============================================================
[INFO] [2025-03-03 15:00:00] 交易日: 2025-03-04 (9/192)
[INFO] [2025-03-04 09:35:00] 处理 1 个订单
[INFO] [2025-03-04 09:35:00] 卖出 000001.XSHE: 8400 股, 成交价 11.46, 费用 125.14
[INFO] [2025-03-04 15:00:00] 账户总值: 97,577.30, 现金: 97,577.30, 持仓市值: 0.00
[INFO] [2025-03-04 15:00:00] 累计收益率: -2.42%
[INFO] [2025-03-04 15:00:00] 基准收益率: -1.11%, 累计超额收益: -1.31%
[INFO] [2025-03-04 15:00:00] 
============================================================
[INFO] [2025-03-04 15:00:00] 交易日: 2025-03-05 (10/192)
[INFO] [2025-03-05 15:00:00] 账户总值: 97,577.30, 现金: 97,577.30, 持仓市值: 0.00
[INFO] [2025-03-05 15:00:00] 累计收益率: -2.42%
[INFO] [2025-03-05 15:00:00] 基准收益率: -0.67%, 累计超额收益: -1.75%
[INFO] [2025-03-05 15:00:00] 
============================================================
[INFO] [2025-03-05 15:00:00] 交易日: 2025-03-06 (11/192)
[INFO] [2025-03-06 09:35:00] 处理 1 个订单
[INFO] [2025-03-06 09:35:00] 000001.XSHE 缩量至可下单上限: 8266
[INFO] [2025-03-06 09:35:00] 买入 000001.XSHE: 8200 股, 委托价 11.80, 成交价 11.64, 费用 28.63
[INFO] [2025-03-06 15:00:00] 账户总值: 97,466.67, 现金: 2,100.67, 持仓市值: 95,366.00
[INFO] [2025-03-06 15:00:00] 累计收益率: -2.53%
[INFO] [2025-03-06 15:00:00] 基准收益率: 0.70%, 累计超额收益: -3.23%
[INFO] [2025-03-06 15:00:00] 
============================================================
[INFO] [2025-03-06 15:00:00] 交易日: 2025-03-07 (12/192)
[INFO] [2025-03-07 15:00:00] 账户总值: 97,794.67, 现金: 2,100.67, 持仓市值: 95,694.00
[INFO] [2025-03-07 15:00:00] 累计收益率: -2.21%
[INFO] [2025-03-07 15:00:00] 基准收益率: 0.38%, 累计超额收益: -2.59%
[INFO] [2025-03-07 15:00:00] 
============================================================
[INFO] [2025-03-07 15:00:00] 交易日: 2025-03-10 (13/192)
[INFO] [2025-03-10 15:00:00] 账户总值: 97,138.67, 现金: 2,100.67, 持仓市值: 95,038.00
[INFO] [2025-03-10 15:00:00] 累计收益率: -2.86%
[INFO] [2025-03-10 15:00:00] 基准收益率: -0.00%, 累计超额收益: -2.86%
[INFO] [2025-03-10 15:00:00] 
============================================================
[INFO] [2025-03-10 15:00:00] 交易日: 2025-03-11 (14/192)
[INFO] [2025-03-11 15:00:00] 账户总值: 97,302.67, 现金: 2,100.67, 持仓市值: 95,202.00
[INFO] [2025-03-11 15:00:00] 累计收益率: -2.70%
[INFO] [2025-03-11 15:00:00] 基准收益率: 0.32%, 累计超额收益: -3.02%
[INFO] [2025-03-11 15:00:00] 
============================================================
[INFO] [2025-03-11 15:00:00] 交易日: 2025-03-12 (15/192)
[INFO] [2025-03-12 15:00:00] 账户总值: 99,270.67, 现金: 2,100.67, 持仓市值: 97,170.00
[INFO] [2025-03-12 15:00:00] 累计收益率: -0.73%
[INFO] [2025-03-12 15:00:00] 基准收益率: -0.04%, 累计超额收益: -0.69%
[INFO] [2025-03-12 15:00:00] 
============================================================
[INFO] [2025-03-12 15:00:00] 交易日: 2025-03-13 (16/192)
[INFO] [2025-03-13 15:00:00] 账户总值: 99,188.67, 现金: 2,100.67, 持仓市值: 97,088.00
[INFO] [2025-03-13 15:00:00] 累计收益率: -0.81%
[INFO] [2025-03-13 15:00:00] 基准收益率: -0.44%, 累计超额收益: -0.37%
[INFO] [2025-03-13 15:00:00] 
============================================================
[INFO] [2025-03-13 15:00:00] 交易日: 2025-03-14 (17/192)
[INFO] [2025-03-14 15:00:00] 账户总值: 100,254.67, 现金: 2,100.67, 持仓市值: 98,154.00
[INFO] [2025-03-14 15:00:00] 累计收益率: 0.25%
[INFO] [2025-03-14 15:00:00] 基准收益率: 1.98%, 累计超额收益: -1.72%
[INFO] [2025-03-14 15:00:00] 
============================================================
[INFO] [2025-03-14 15:00:00] 交易日: 2025-03-17 (18/192)
[INFO] [2025-03-17 15:00:00] 账户总值: 96,400.67, 现金: 2,100.67, 持仓市值: 94,300.00
[INFO] [2025-03-17 15:00:00] 累计收益率: -3.60%
[INFO] [2025-03-17 15:00:00] 基准收益率: 1.73%, 累计超额收益: -5.33%
[INFO] [2025-03-17 15:00:00] 
============================================================
[INFO] [2025-03-17 15:00:00] 交易日: 2025-03-18 (19/192)
[INFO] [2025-03-18 15:00:00] 账户总值: 96,318.67, 现金: 2,100.67, 持仓市值: 94,218.00
[INFO] [2025-03-18 15:00:00] 累计收益率: -3.68%
[INFO] [2025-03-18 15:00:00] 基准收益率: 2.01%, 累计超额收益: -5.69%
[INFO] [2025-03-18 15:00:00] 
============================================================
[INFO] [2025-03-18 15:00:00] 交易日: 2025-03-19 (20/192)
[INFO] [2025-03-19 15:00:00] 账户总值: 96,564.67, 现金: 2,100.67, 持仓市值: 94,464.00
[INFO] [2025-03-19 15:00:00] 累计收益率: -3.44%
[INFO] [2025-03-19 15:00:00] 基准收益率: 2.07%, 累计超额收益: -5.50%
[INFO] [2025-03-19 15:00:00] 
============================================================
[INFO] [2025-03-19 15:00:00] 交易日: 2025-03-20 (21/192)
[INFO] [2025-03-20 15:00:00] 账户总值: 96,318.67, 现金: 2,100.67, 持仓市值: 94,218.00
[INFO] [2025-03-20 15:00:00] 累计收益率: -3.68%
[INFO] [2025-03-20 15:00:00] 基准收益率: 1.17%, 累计超额收益: -4.85%
[INFO] [2025-03-20 15:00:00] 
============================================================
[INFO] [2025-03-20 15:00:00] 交易日: 2025-03-21 (22/192)
[INFO] [2025-03-21 09:35:00] 处理 1 个订单
[INFO] [2025-03-21 09:35:00] 卖出 000001.XSHE: 8200 股, 成交价 11.50, 费用 122.59
[INFO] [2025-03-21 15:00:00] 账户总值: 96,278.08, 现金: 96,278.08, 持仓市值: 0.00
[INFO] [2025-03-21 15:00:00] 累计收益率: -3.72%
[INFO] [2025-03-21 15:00:00] 基准收益率: -0.36%, 累计超额收益: -3.36%
[INFO] [2025-03-21 15:00:00] 
============================================================
[INFO] [2025-03-21 15:00:00] 交易日: 2025-03-24 (23/192)
[INFO] [2025-03-24 15:00:00] 账户总值: 96,278.08, 现金: 96,278.08, 持仓市值: 0.00
[INFO] [2025-03-24 15:00:00] 累计收益率: -3.72%
[INFO] [2025-03-24 15:00:00] 基准收益率: 0.15%, 累计超额收益: -3.87%
[INFO] [2025-03-24 15:00:00] 
============================================================
[INFO] [2025-03-24 15:00:00] 交易日: 2025-03-25 (24/192)
[INFO] [2025-03-25 15:00:00] 账户总值: 96,278.08, 现金: 96,278.08, 持仓市值: 0.00
[INFO] [2025-03-25 15:00:00] 累计收益率: -3.72%
[INFO] [2025-03-25 15:00:00] 基准收益率: 0.09%, 累计超额收益: -3.81%
[INFO] [2025-03-25 15:00:00] 
============================================================
[INFO] [2025-03-25 15:00:00] 交易日: 2025-03-26 (25/192)
[INFO] [2025-03-26 15:00:00] 账户总值: 96,278.08, 现金: 96,278.08, 持仓市值: 0.00
[INFO] [2025-03-26 15:00:00] 累计收益率: -3.72%
[INFO] [2025-03-26 15:00:00] 基准收益率: -0.24%, 累计超额收益: -3.48%
[INFO] [2025-03-26 15:00:00] 
============================================================
[INFO] [2025-03-26 15:00:00] 交易日: 2025-03-27 (26/192)
[INFO] [2025-03-27 15:00:00] 账户总值: 96,278.08, 现金: 96,278.08, 持仓市值: 0.00
[INFO] [2025-03-27 15:00:00] 累计收益率: -3.72%
[INFO] [2025-03-27 15:00:00] 基准收益率: 0.09%, 累计超额收益: -3.81%
[INFO] [2025-03-27 15:00:00] 
============================================================
[INFO] [2025-03-27 15:00:00] 交易日: 2025-03-28 (27/192)
[INFO] [2025-03-28 15:00:00] 账户总值: 96,278.08, 现金: 96,278.08, 持仓市值: 0.00
[INFO] [2025-03-28 15:00:00] 累计收益率: -3.72%
[INFO] [2025-03-28 15:00:00] 基准收益率: -0.35%, 累计超额收益: -3.37%
[INFO] [2025-03-28 15:00:00] 
============================================================
[INFO] [2025-03-28 15:00:00] 交易日: 2025-03-31 (28/192)
[INFO] [2025-03-31 15:00:00] 账户总值: 96,278.08, 现金: 96,278.08, 持仓市值: 0.00
[INFO] [2025-03-31 15:00:00] 累计收益率: -3.72%
[INFO] [2025-03-31 15:00:00] 基准收益率: -1.06%, 累计超额收益: -2.66%
[INFO] [2025-03-31 15:00:00] 
============================================================
[INFO] [2025-03-31 15:00:00] 交易日: 2025-04-01 (29/192)
[INFO] [2025-04-01 15:00:00] 账户总值: 96,278.08, 现金: 96,278.08, 持仓市值: 0.00
[INFO] [2025-04-01 15:00:00] 累计收益率: -3.72%
[INFO] [2025-04-01 15:00:00] 基准收益率: -1.05%, 累计超额收益: -2.67%
[INFO] [2025-04-01 15:00:00] 
============================================================
[INFO] [2025-04-01 15:00:00] 交易日: 2025-04-02 (30/192)
[INFO] [2025-04-02 15:00:00] 账户总值: 96,278.08, 现金: 96,278.08, 持仓市值: 0.00
[INFO] [2025-04-02 15:00:00] 累计收益率: -3.72%
[INFO] [2025-04-02 15:00:00] 基准收益率: -1.13%, 累计超额收益: -2.59%
[INFO] [2025-04-02 15:00:00] 
============================================================
[INFO] [2025-04-02 15:00:00] 交易日: 2025-04-03 (31/192)
[INFO] [2025-04-03 15:00:00] 账户总值: 96,278.08, 现金: 96,278.08, 持仓市值: 0.00
[INFO] [2025-04-03 15:00:00] 累计收益率: -3.72%
[INFO] [2025-04-03 15:00:00] 基准收益率: -1.72%, 累计超额收益: -2.01%
[INFO] [2025-04-03 15:00:00] 
============================================================
[INFO] [2025-04-03 15:00:00] 交易日: 2025-04-07 (32/192)
[INFO] [2025-04-07 15:00:00] 账户总值: 96,278.08, 现金: 96,278.08, 持仓市值: 0.00
[INFO] [2025-04-07 15:00:00] 累计收益率: -3.72%
[INFO] [2025-04-07 15:00:00] 基准收益率: -8.64%, 累计超额收益: 4.92%
[INFO] [2025-04-07 15:00:00] 
============================================================
[INFO] [2025-04-07 15:00:00] 交易日: 2025-04-08 (33/192)
[INFO] [2025-04-08 15:00:00] 账户总值: 96,278.08, 现金: 96,278.08, 持仓市值: 0.00
[INFO] [2025-04-08 15:00:00] 累计收益率: -3.72%
[INFO] [2025-04-08 15:00:00] 基准收益率: -7.08%, 累计超额收益: 3.36%
[INFO] [2025-04-08 15:00:00] 
============================================================
[INFO] [2025-04-08 15:00:00] 交易日: 2025-04-09 (34/192)
[INFO] [2025-04-09 15:00:00] 账户总值: 96,278.08, 现金: 96,278.08, 持仓市值: 0.00
[INFO] [2025-04-09 15:00:00] 累计收益率: -3.72%
[INFO] [2025-04-09 15:00:00] 基准收益率: -6.16%, 累计超额收益: 2.44%
[INFO] [2025-04-09 15:00:00] 
============================================================
[INFO] [2025-04-09 15:00:00] 交易日: 2025-04-10 (35/192)
[INFO] [2025-04-10 15:00:00] 账户总值: 96,278.08, 现金: 96,278.08, 持仓市值: 0.00
[INFO] [2025-04-10 15:00:00] 累计收益率: -3.72%
[INFO] [2025-04-10 15:00:00] 基准收益率: -4.93%, 累计超额收益: 1.21%
[INFO] [2025-04-10 15:00:00] 
============================================================
[INFO] [2025-04-10 15:00:00] 交易日: 2025-04-11 (36/192)
[INFO] [2025-04-11 15:00:00] 账户总值: 96,278.08, 现金: 96,278.08, 持仓市值: 0.00
[INFO] [2025-04-11 15:00:00] 累计收益率: -3.72%
[INFO] [2025-04-11 15:00:00] 基准收益率: -4.54%, 累计超额收益: 0.82%
[INFO] [2025-04-11 15:00:00] 
============================================================
[INFO] [2025-04-11 15:00:00] 交易日: 2025-04-14 (37/192)
[INFO] [2025-04-14 15:00:00] 账户总值: 96,278.08, 现金: 96,278.08, 持仓市值: 0.00
[INFO] [2025-04-14 15:00:00] 累计收益率: -3.72%
[INFO] [2025-04-14 15:00:00] 基准收益率: -4.32%, 累计超额收益: 0.60%
[INFO] [2025-04-14 15:00:00] 
============================================================
[INFO] [2025-04-14 15:00:00] 交易日: 2025-04-15 (38/192)
[INFO] [2025-04-15 15:00:00] 账户总值: 96,278.08, 现金: 96,278.08, 持仓市值: 0.00
[INFO] [2025-04-15 15:00:00] 累计收益率: -3.72%
[INFO] [2025-04-15 15:00:00] 基准收益率: -4.27%, 累计超额收益: 0.55%
[INFO] [2025-04-15 15:00:00] 
============================================================
[INFO] [2025-04-15 15:00:00] 交易日: 2025-04-16 (39/192)
[INFO] [2025-04-16 15:00:00] 账户总值: 96,278.08, 现金: 96,278.08, 持仓市值: 0.00
[INFO] [2025-04-16 15:00:00] 累计收益率: -3.72%
[INFO] [2025-04-16 15:00:00] 基准收益率: -3.97%, 累计超额收益: 0.25%
[INFO] [2025-04-16 15:00:00] 
============================================================
[INFO] [2025-04-16 15:00:00] 交易日: 2025-04-17 (40/192)
[INFO] [2025-04-17 15:00:00] 账户总值: 96,278.08, 现金: 96,278.08, 持仓市值: 0.00
[INFO] [2025-04-17 15:00:00] 累计收益率: -3.72%
[INFO] [2025-04-17 15:00:00] 基准收益率: -3.99%, 累计超额收益: 0.27%
[INFO] [2025-04-17 15:00:00] 
============================================================
[INFO] [2025-04-17 15:00:00] 交易日: 2025-04-18 (41/192)
[INFO] [2025-04-18 15:00:00] 账户总值: 96,278.08, 现金: 96,278.08, 持仓市值: 0.00
[INFO] [2025-04-18 15:00:00] 累计收益率: -3.72%
[INFO] [2025-04-18 15:00:00] 基准收益率: -3.98%, 累计超额收益: 0.26%
[INFO] [2025-04-18 15:00:00] 
============================================================
[INFO] [2025-04-18 15:00:00] 交易日: 2025-04-21 (42/192)
[INFO] [2025-04-21 15:00:00] 账户总值: 96,278.08, 现金: 96,278.08, 持仓市值: 0.00
[INFO] [2025-04-21 15:00:00] 累计收益率: -3.72%
[INFO] [2025-04-21 15:00:00] 基准收益率: -3.67%, 累计超额收益: -0.06%
[INFO] [2025-04-21 15:00:00] 
============================================================
[INFO] [2025-04-21 15:00:00] 交易日: 2025-04-22 (43/192)
[INFO] [2025-04-22 15:00:00] 账户总值: 96,278.08, 现金: 96,278.08, 持仓市值: 0.00
[INFO] [2025-04-22 15:00:00] 累计收益率: -3.72%
[INFO] [2025-04-22 15:00:00] 基准收益率: -3.69%, 累计超额收益: -0.03%
[INFO] [2025-04-22 15:00:00] 
============================================================
[INFO] [2025-04-22 15:00:00] 交易日: 2025-04-23 (44/192)
[INFO] [2025-04-23 15:00:00] 账户总值: 96,278.08, 现金: 96,278.08, 持仓市值: 0.00
[INFO] [2025-04-23 15:00:00] 累计收益率: -3.72%
[INFO] [2025-04-23 15:00:00] 基准收益率: -3.61%, 累计超额收益: -0.11%
[INFO] [2025-04-23 15:00:00] 
============================================================
[INFO] [2025-04-23 15:00:00] 交易日: 2025-04-24 (45/192)
[INFO] [2025-04-24 15:00:00] 账户总值: 96,278.08, 现金: 96,278.08, 持仓市值: 0.00
[INFO] [2025-04-24 15:00:00] 累计收益率: -3.72%
[INFO] [2025-04-24 15:00:00] 基准收益率: -3.68%, 累计超额收益: -0.04%
[INFO] [2025-04-24 15:00:00] 
============================================================
[INFO] [2025-04-24 15:00:00] 交易日: 2025-04-25 (46/192)
[INFO] [2025-04-25 15:00:00] 账户总值: 96,278.08, 现金: 96,278.08, 持仓市值: 0.00
[INFO] [2025-04-25 15:00:00] 累计收益率: -3.72%
[INFO] [2025-04-25 15:00:00] 基准收益率: -3.61%, 累计超额收益: -0.11%
[INFO] [2025-04-25 15:00:00] 
============================================================
[INFO] [2025-04-25 15:00:00] 交易日: 2025-04-28 (47/192)
[INFO] [2025-04-28 15:00:00] 账户总值: 96,278.08, 现金: 96,278.08, 持仓市值: 0.00
[INFO] [2025-04-28 15:00:00] 累计收益率: -3.72%
[INFO] [2025-04-28 15:00:00] 基准收益率: -3.75%, 累计超额收益: 0.03%
[INFO] [2025-04-28 15:00:00] 
============================================================
[INFO] [2025-04-28 15:00:00] 交易日: 2025-04-29 (48/192)
[INFO] [2025-04-29 15:00:00] 账户总值: 96,278.08, 现金: 96,278.08, 持仓市值: 0.00
[INFO] [2025-04-29 15:00:00] 累计收益率: -3.72%
[INFO] [2025-04-29 15:00:00] 基准收益率: -3.92%, 累计超额收益: 0.19%
[INFO] [2025-04-29 15:00:00] 
============================================================
[INFO] [2025-04-29 15:00:00] 交易日: 2025-04-30 (49/192)
[INFO] [2025-04-30 15:00:00] 账户总值: 96,278.08, 现金: 96,278.08, 持仓市值: 0.00
[INFO] [2025-04-30 15:00:00] 累计收益率: -3.72%
[INFO] [2025-04-30 15:00:00] 基准收益率: -4.03%, 累计超额收益: 0.31%
[INFO] [2025-04-30 15:00:00] 
============================================================
[INFO] [2025-04-30 15:00:00] 交易日: 2025-05-06 (50/192)
[INFO] [2025-05-06 15:00:00] 账户总值: 96,278.08, 现金: 96,278.08, 持仓市值: 0.00
[INFO] [2025-05-06 15:00:00] 累计收益率: -3.72%
[INFO] [2025-05-06 15:00:00] 基准收益率: -3.06%, 累计超额收益: -0.66%
[INFO] [2025-05-06 15:00:00] 
============================================================
[INFO] [2025-05-06 15:00:00] 交易日: 2025-05-07 (51/192)
[INFO] [2025-05-07 15:00:00] 账户总值: 96,278.08, 现金: 96,278.08, 持仓市值: 0.00
[INFO] [2025-05-07 15:00:00] 累计收益率: -3.72%
[INFO] [2025-05-07 15:00:00] 基准收益率: -2.48%, 累计超额收益: -1.25%
[INFO] [2025-05-07 15:00:00] 
============================================================
[INFO] [2025-05-07 15:00:00] 交易日: 2025-05-08 (52/192)
[INFO] [2025-05-08 09:35:00] 处理 1 个订单
[INFO] [2025-05-08 09:35:00] 000001.XSHE 缩量至可下单上限: 8593
[INFO] [2025-05-08 09:35:00] 买入 000001.XSHE: 8500 股, 委托价 11.20, 成交价 11.04, 费用 28.15
[INFO] [2025-05-08 15:00:00] 账户总值: 96,589.93, 现金: 2,409.93, 持仓市值: 94,180.00
[INFO] [2025-05-08 15:00:00] 累计收益率: -3.41%
[INFO] [2025-05-08 15:00:00] 基准收益率: -1.93%, 累计超额收益: -1.48%
[INFO] [2025-05-08 15:00:00] 
============================================================
[INFO] [2025-05-08 15:00:00] 交易日: 2025-05-09 (53/192)
[INFO] [2025-05-09 15:00:00] 账户总值: 97,184.93, 现金: 2,409.93, 持仓市值: 94,775.00
[INFO] [2025-05-09 15:00:00] 累计收益率: -2.82%
[INFO] [2025-05-09 15:00:00] 基准收益率: -2.11%, 累计超额收益: -0.71%
[INFO] [2025-05-09 15:00:00] 
============================================================
[INFO] [2025-05-09 15:00:00] 交易日: 2025-05-12 (54/192)
[INFO] [2025-05-12 15:00:00] 账户总值: 97,269.93, 现金: 2,409.93, 持仓市值: 94,860.00
[INFO] [2025-05-12 15:00:00] 累计收益率: -2.73%
[INFO] [2025-05-12 15:00:00] 基准收益率: -0.97%, 累计超额收益: -1.76%
[INFO] [2025-05-12 15:00:00] 
============================================================
[INFO] [2025-05-12 15:00:00] 交易日: 2025-05-13 (55/192)
[INFO] [2025-05-13 15:00:00] 账户总值: 98,374.93, 现金: 2,409.93, 持仓市值: 95,965.00
[INFO] [2025-05-13 15:00:00] 累计收益率: -1.63%
[INFO] [2025-05-13 15:00:00] 基准收益率: -0.83%, 累计超额收益: -0.79%
[INFO] [2025-05-13 15:00:00] 
============================================================
[INFO] [2025-05-13 15:00:00] 交易日: 2025-05-14 (56/192)
[INFO] [2025-05-14 15:00:00] 账户总值: 99,564.93, 现金: 2,409.93, 持仓市值: 97,155.00
[INFO] [2025-05-14 15:00:00] 累计收益率: -0.44%
[INFO] [2025-05-14 15:00:00] 基准收益率: 0.36%, 累计超额收益: -0.80%
[INFO] [2025-05-14 15:00:00] 
============================================================
[INFO] [2025-05-14 15:00:00] 交易日: 2025-05-15 (57/192)
[INFO] [2025-05-15 15:00:00] 账户总值: 99,224.93, 现金: 2,409.93, 持仓市值: 96,815.00
[INFO] [2025-05-15 15:00:00] 累计收益率: -0.78%
[INFO] [2025-05-15 15:00:00] 基准收益率: -0.55%, 累计超额收益: -0.22%
[INFO] [2025-05-15 15:00:00] 
============================================================
[INFO] [2025-05-15 15:00:00] 交易日: 2025-05-16 (58/192)
[INFO] [2025-05-16 15:00:00] 账户总值: 99,139.93, 现金: 2,409.93, 持仓市值: 96,730.00
[INFO] [2025-05-16 15:00:00] 累计收益率: -0.86%
[INFO] [2025-05-16 15:00:00] 基准收益率: -1.01%, 累计超额收益: 0.15%
[INFO] [2025-05-16 15:00:00] 
============================================================
[INFO] [2025-05-16 15:00:00] 交易日: 2025-05-19 (59/192)
[INFO] [2025-05-19 15:00:00] 账户总值: 99,054.93, 现金: 2,409.93, 持仓市值: 96,645.00
[INFO] [2025-05-19 15:00:00] 累计收益率: -0.95%
[INFO] [2025-05-19 15:00:00] 基准收益率: -1.32%, 累计超额收益: 0.37%
[INFO] [2025-05-19 15:00:00] 
============================================================
[INFO] [2025-05-19 15:00:00] 交易日: 2025-05-20 (60/192)
[INFO] [2025-05-20 15:00:00] 账户总值: 99,224.93, 现金: 2,409.93, 持仓市值: 96,815.00
[INFO] [2025-05-20 15:00:00] 累计收益率: -0.78%
[INFO] [2025-05-20 15:00:00] 基准收益率: -0.78%, 累计超额收益: 0.01%
[INFO] [2025-05-20 15:00:00] 
============================================================
[INFO] [2025-05-20 15:00:00] 交易日: 2025-05-21 (61/192)
[INFO] [2025-05-21 15:00:00] 账户总值: 99,989.93, 现金: 2,409.93, 持仓市值: 97,580.00
[INFO] [2025-05-21 15:00:00] 累计收益率: -0.01%
[INFO] [2025-05-21 15:00:00] 基准收益率: -0.32%, 累计超额收益: 0.31%
[INFO] [2025-05-21 15:00:00] 
============================================================
[INFO] [2025-05-21 15:00:00] 交易日: 2025-05-22 (62/192)
[INFO] [2025-05-22 15:00:00] 账户总值: 100,584.93, 现金: 2,409.93, 持仓市值: 98,175.00
[INFO] [2025-05-22 15:00:00] 累计收益率: 0.58%
[INFO] [2025-05-22 15:00:00] 基准收益率: -0.38%, 累计超额收益: 0.97%
[INFO] [2025-05-22 15:00:00] 
============================================================
[INFO] [2025-05-22 15:00:00] 交易日: 2025-05-23 (63/192)
[INFO] [2025-05-23 15:00:00] 账户总值: 99,819.93, 现金: 2,409.93, 持仓市值: 97,410.00
[INFO] [2025-05-23 15:00:00] 累计收益率: -0.18%
[INFO] [2025-05-23 15:00:00] 基准收益率: -1.19%, 累计超额收益: 1.01%
[INFO] [2025-05-23 15:00:00] 
============================================================
[INFO] [2025-05-23 15:00:00] 交易日: 2025-05-26 (64/192)
[INFO] [2025-05-26 15:00:00] 账户总值: 99,479.93, 现金: 2,409.93, 持仓市值: 97,070.00
[INFO] [2025-05-26 15:00:00] 累计收益率: -0.52%
[INFO] [2025-05-26 15:00:00] 基准收益率: -1.75%, 累计超额收益: 1.23%
[INFO] [2025-05-26 15:00:00] 
============================================================
[INFO] [2025-05-26 15:00:00] 交易日: 2025-05-27 (65/192)
[INFO] [2025-05-27 15:00:00] 账户总值: 100,074.93, 现金: 2,409.93, 持仓市值: 97,665.00
[INFO] [2025-05-27 15:00:00] 累计收益率: 0.07%
[INFO] [2025-05-27 15:00:00] 基准收益率: -2.28%, 累计超额收益: 2.35%
[INFO] [2025-05-27 15:00:00] 
============================================================
[INFO] [2025-05-27 15:00:00] 交易日: 2025-05-28 (66/192)
[INFO] [2025-05-28 15:00:00] 账户总值: 100,414.93, 现金: 2,409.93, 持仓市值: 98,005.00
[INFO] [2025-05-28 15:00:00] 累计收益率: 0.41%
[INFO] [2025-05-28 15:00:00] 基准收益率: -2.36%, 累计超额收益: 2.77%
[INFO] [2025-05-28 15:00:00] 
============================================================
[INFO] [2025-05-28 15:00:00] 交易日: 2025-05-29 (67/192)
[INFO] [2025-05-29 15:00:00] 账户总值: 99,819.93, 现金: 2,409.93, 持仓市值: 97,410.00
[INFO] [2025-05-29 15:00:00] 累计收益率: -0.18%
[INFO] [2025-05-29 15:00:00] 基准收益率: -1.79%, 累计超额收益: 1.61%
[INFO] [2025-05-29 15:00:00] 
============================================================
[INFO] [2025-05-29 15:00:00] 交易日: 2025-05-30 (68/192)
[INFO] [2025-05-30 15:00:00] 账户总值: 100,669.93, 现金: 2,409.93, 持仓市值: 98,260.00
[INFO] [2025-05-30 15:00:00] 累计收益率: 0.67%
[INFO] [2025-05-30 15:00:00] 基准收益率: -2.26%, 累计超额收益: 2.93%
[INFO] [2025-05-30 15:00:00] 
============================================================
[INFO] [2025-05-30 15:00:00] 交易日: 2025-06-03 (69/192)
[INFO] [2025-06-03 15:00:00] 账户总值: 102,794.93, 现金: 2,409.93, 持仓市值: 100,385.00
[INFO] [2025-06-03 15:00:00] 累计收益率: 2.79%
[INFO] [2025-06-03 15:00:00] 基准收益率: -1.96%, 累计超额收益: 4.75%
[INFO] [2025-06-03 15:00:00] 
============================================================
[INFO] [2025-06-03 15:00:00] 交易日: 2025-06-04 (70/192)
[INFO] [2025-06-04 15:00:00] 账户总值: 103,049.93, 现金: 2,409.93, 持仓市值: 100,640.00
[INFO] [2025-06-04 15:00:00] 累计收益率: 3.05%
[INFO] [2025-06-04 15:00:00] 基准收益率: -1.53%, 累计超额收益: 4.58%
[INFO] [2025-06-04 15:00:00] 
============================================================
[INFO] [2025-06-04 15:00:00] 交易日: 2025-06-05 (71/192)
[INFO] [2025-06-05 15:00:00] 账户总值: 101,604.93, 现金: 2,409.93, 持仓市值: 99,195.00
[INFO] [2025-06-05 15:00:00] 累计收益率: 1.60%
[INFO] [2025-06-05 15:00:00] 基准收益率: -1.31%, 累计超额收益: 2.91%
[INFO] [2025-06-05 15:00:00] 
============================================================
[INFO] [2025-06-05 15:00:00] 交易日: 2025-06-06 (72/192)
[INFO] [2025-06-06 15:00:00] 账户总值: 101,859.93, 现金: 2,409.93, 持仓市值: 99,450.00
[INFO] [2025-06-06 15:00:00] 累计收益率: 1.86%
[INFO] [2025-06-06 15:00:00] 基准收益率: -1.40%, 累计超额收益: 3.26%
[INFO] [2025-06-06 15:00:00] 
============================================================
[INFO] [2025-06-06 15:00:00] 交易日: 2025-06-09 (73/192)
[INFO] [2025-06-09 15:00:00] 账户总值: 101,944.93, 现金: 2,409.93, 持仓市值: 99,535.00
[INFO] [2025-06-09 15:00:00] 累计收益率: 1.94%
[INFO] [2025-06-09 15:00:00] 基准收益率: -1.11%, 累计超额收益: 3.06%
[INFO] [2025-06-09 15:00:00] 
============================================================
[INFO] [2025-06-09 15:00:00] 交易日: 2025-06-10 (74/192)
[INFO] [2025-06-10 15:00:00] 账户总值: 102,794.93, 现金: 2,409.93, 持仓市值: 100,385.00
[INFO] [2025-06-10 15:00:00] 累计收益率: 2.79%
[INFO] [2025-06-10 15:00:00] 基准收益率: -1.61%, 累计超额收益: 4.41%
[INFO] [2025-06-10 15:00:00] 
============================================================
[INFO] [2025-06-10 15:00:00] 交易日: 2025-06-11 (75/192)
[INFO] [2025-06-11 15:00:00] 账户总值: 103,134.93, 现金: 2,409.93, 持仓市值: 100,725.00
[INFO] [2025-06-11 15:00:00] 累计收益率: 3.13%
[INFO] [2025-06-11 15:00:00] 基准收益率: -0.87%, 累计超额收益: 4.01%
[INFO] [2025-06-11 15:00:00] 
============================================================
[INFO] [2025-06-11 15:00:00] 交易日: 2025-06-12 (76/192)
[INFO] [2025-06-12 15:00:00] 账户总值: 101,689.93, 现金: 2,409.93, 持仓市值: 99,280.00
[INFO] [2025-06-12 15:00:00] 累计收益率: 1.69%
[INFO] [2025-06-12 15:00:00] 基准收益率: -0.93%, 累计超额收益: 2.62%
[INFO] [2025-06-12 15:00:00] 
============================================================
[INFO] [2025-06-12 15:00:00] 交易日: 2025-06-13 (77/192)
[INFO] [2025-06-13 15:00:00] 账户总值: 100,839.93, 现金: 2,409.93, 持仓市值: 98,430.00
[INFO] [2025-06-13 15:00:00] 累计收益率: 0.84%
[INFO] [2025-06-13 15:00:00] 基准收益率: -1.65%, 累计超额收益: 2.49%
[INFO] [2025-06-13 15:00:00] 
============================================================
[INFO] [2025-06-13 15:00:00] 交易日: 2025-06-16 (78/192)
[INFO] [2025-06-16 15:00:00] 账户总值: 102,624.93, 现金: 2,409.93, 持仓市值: 100,215.00
[INFO] [2025-06-16 15:00:00] 累计收益率: 2.62%
[INFO] [2025-06-16 15:00:00] 基准收益率: -1.40%, 累计超额收益: 4.03%
[INFO] [2025-06-16 15:00:00] 
============================================================
[INFO] [2025-06-16 15:00:00] 交易日: 2025-06-17 (79/192)
[INFO] [2025-06-17 15:00:00] 账户总值: 102,369.93, 现金: 2,409.93, 持仓市值: 99,960.00
[INFO] [2025-06-17 15:00:00] 累计收益率: 2.37%
[INFO] [2025-06-17 15:00:00] 基准收益率: -1.49%, 累计超额收益: 3.86%
[INFO] [2025-06-17 15:00:00] 
============================================================
[INFO] [2025-06-17 15:00:00] 交易日: 2025-06-18 (80/192)
[INFO] [2025-06-18 15:00:00] 账户总值: 102,454.93, 现金: 2,409.93, 持仓市值: 100,045.00
[INFO] [2025-06-18 15:00:00] 累计收益率: 2.45%
[INFO] [2025-06-18 15:00:00] 基准收益率: -1.37%, 累计超额收益: 3.83%
[INFO] [2025-06-18 15:00:00] 
============================================================
[INFO] [2025-06-18 15:00:00] 交易日: 2025-06-19 (81/192)
[INFO] [2025-06-19 15:00:00] 账户总值: 101,859.93, 现金: 2,409.93, 持仓市值: 99,450.00
[INFO] [2025-06-19 15:00:00] 累计收益率: 1.86%
[INFO] [2025-06-19 15:00:00] 基准收益率: -2.18%, 累计超额收益: 4.04%
[INFO] [2025-06-19 15:00:00] 
============================================================
[INFO] [2025-06-19 15:00:00] 交易日: 2025-06-20 (82/192)
[INFO] [2025-06-20 15:00:00] 账户总值: 103,049.93, 现金: 2,409.93, 持仓市值: 100,640.00
[INFO] [2025-06-20 15:00:00] 累计收益率: 3.05%
[INFO] [2025-06-20 15:00:00] 基准收益率: -2.09%, 累计超额收益: 5.14%
[INFO] [2025-06-20 15:00:00] 
============================================================
[INFO] [2025-06-20 15:00:00] 交易日: 2025-06-23 (83/192)
[INFO] [2025-06-23 15:00:00] 账户总值: 103,814.93, 现金: 2,409.93, 持仓市值: 101,405.00
[INFO] [2025-06-23 15:00:00] 累计收益率: 3.81%
[INFO] [2025-06-23 15:00:00] 基准收益率: -1.81%, 累计超额收益: 5.62%
[INFO] [2025-06-23 15:00:00] 
============================================================
[INFO] [2025-06-23 15:00:00] 交易日: 2025-06-24 (84/192)
[INFO] [2025-06-24 15:00:00] 账户总值: 103,814.93, 现金: 2,409.93, 持仓市值: 101,405.00
[INFO] [2025-06-24 15:00:00] 累计收益率: 3.81%
[INFO] [2025-06-24 15:00:00] 基准收益率: -0.63%, 累计超额收益: 4.45%
[INFO] [2025-06-24 15:00:00] 
============================================================
[INFO] [2025-06-24 15:00:00] 交易日: 2025-06-25 (85/192)
[INFO] [2025-06-25 15:00:00] 账户总值: 104,919.93, 现金: 2,409.93, 持仓市值: 102,510.00
[INFO] [2025-06-25 15:00:00] 累计收益率: 4.92%
[INFO] [2025-06-25 15:00:00] 基准收益率: 0.79%, 累计超额收益: 4.13%
[INFO] [2025-06-25 15:00:00] 
============================================================
[INFO] [2025-06-25 15:00:00] 交易日: 2025-06-26 (86/192)
[INFO] [2025-06-26 15:00:00] 账户总值: 107,894.93, 现金: 2,409.93, 持仓市值: 105,485.00
[INFO] [2025-06-26 15:00:00] 累计收益率: 7.89%
[INFO] [2025-06-26 15:00:00] 基准收益率: 0.44%, 累计超额收益: 7.46%
[INFO] [2025-06-26 15:00:00] 
============================================================
[INFO] [2025-06-26 15:00:00] 交易日: 2025-06-27 (87/192)
[INFO] [2025-06-27 15:00:00] 账户总值: 106,109.93, 现金: 2,409.93, 持仓市值: 103,700.00
[INFO] [2025-06-27 15:00:00] 累计收益率: 6.11%
[INFO] [2025-06-27 15:00:00] 基准收益率: -0.18%, 累计超额收益: 6.29%
[INFO] [2025-06-27 15:00:00] 
============================================================
[INFO] [2025-06-27 15:00:00] 交易日: 2025-06-30 (88/192)
[INFO] [2025-06-30 15:00:00] 账户总值: 105,004.93, 现金: 2,409.93, 持仓市值: 102,595.00
[INFO] [2025-06-30 15:00:00] 累计收益率: 5.00%
[INFO] [2025-06-30 15:00:00] 基准收益率: 0.18%, 累计超额收益: 4.82%
[INFO] [2025-06-30 15:00:00] 
============================================================
[INFO] [2025-06-30 15:00:00] 交易日: 2025-07-01 (89/192)
[INFO] [2025-07-01 15:00:00] 账户总值: 106,959.93, 现金: 2,409.93, 持仓市值: 104,550.00
[INFO] [2025-07-01 15:00:00] 累计收益率: 6.96%
[INFO] [2025-07-01 15:00:00] 基准收益率: 0.35%, 累计超额收益: 6.61%
[INFO] [2025-07-01 15:00:00] 
============================================================
[INFO] [2025-07-01 15:00:00] 交易日: 2025-07-02 (90/192)
[INFO] [2025-07-02 15:00:00] 账户总值: 107,129.93, 现金: 2,409.93, 持仓市值: 104,720.00
[INFO] [2025-07-02 15:00:00] 累计收益率: 7.13%
[INFO] [2025-07-02 15:00:00] 基准收益率: 0.38%, 累计超额收益: 6.75%
[INFO] [2025-07-02 15:00:00] 
============================================================
[INFO] [2025-07-02 15:00:00] 交易日: 2025-07-03 (91/192)
[INFO] [2025-07-03 15:00:00] 账户总值: 107,384.93, 现金: 2,409.93, 持仓市值: 104,975.00
[INFO] [2025-07-03 15:00:00] 累计收益率: 7.38%
[INFO] [2025-07-03 15:00:00] 基准收益率: 1.00%, 累计超额收益: 6.39%
[INFO] [2025-07-03 15:00:00] 
============================================================
[INFO] [2025-07-03 15:00:00] 交易日: 2025-07-04 (92/192)
[INFO] [2025-07-04 15:00:00] 账户总值: 109,509.93, 现金: 2,409.93, 持仓市值: 107,100.00
[INFO] [2025-07-04 15:00:00] 累计收益率: 9.51%
[INFO] [2025-07-04 15:00:00] 基准收益率: 1.36%, 累计超额收益: 8.15%
[INFO] [2025-07-04 15:00:00] 
============================================================
[INFO] [2025-07-04 15:00:00] 交易日: 2025-07-07 (93/192)
[INFO] [2025-07-07 15:00:00] 账户总值: 111,039.93, 现金: 2,409.93, 持仓市值: 108,630.00
[INFO] [2025-07-07 15:00:00] 累计收益率: 11.04%
[INFO] [2025-07-07 15:00:00] 基准收益率: 0.92%, 累计超额收益: 10.12%
[INFO] [2025-07-07 15:00:00] 
============================================================
[INFO] [2025-07-07 15:00:00] 交易日: 2025-07-08 (94/192)
[INFO] [2025-07-08 15:00:00] 账户总值: 110,274.93, 现金: 2,409.93, 持仓市值: 107,865.00
[INFO] [2025-07-08 15:00:00] 累计收益率: 10.27%
[INFO] [2025-07-08 15:00:00] 基准收益率: 1.77%, 累计超额收益: 8.50%
[INFO] [2025-07-08 15:00:00] 
============================================================
[INFO] [2025-07-08 15:00:00] 交易日: 2025-07-09 (95/192)
[INFO] [2025-07-09 15:00:00] 账户总值: 111,549.93, 现金: 2,409.93, 持仓市值: 109,140.00
[INFO] [2025-07-09 15:00:00] 累计收益率: 11.55%
[INFO] [2025-07-09 15:00:00] 基准收益率: 1.59%, 累计超额收益: 9.96%
[INFO] [2025-07-09 15:00:00] 
============================================================
[INFO] [2025-07-09 15:00:00] 交易日: 2025-07-10 (96/192)
[INFO] [2025-07-10 15:00:00] 账户总值: 114,439.93, 现金: 2,409.93, 持仓市值: 112,030.00
[INFO] [2025-07-10 15:00:00] 累计收益率: 14.44%
[INFO] [2025-07-10 15:00:00] 基准收益率: 2.06%, 累计超额收益: 12.38%
[INFO] [2025-07-10 15:00:00] 
============================================================
[INFO] [2025-07-10 15:00:00] 交易日: 2025-07-11 (97/192)
[INFO] [2025-07-11 15:00:00] 账户总值: 112,144.93, 现金: 2,409.93, 持仓市值: 109,735.00
[INFO] [2025-07-11 15:00:00] 累计收益率: 12.14%
[INFO] [2025-07-11 15:00:00] 基准收益率: 2.19%, 累计超额收益: 9.96%
[INFO] [2025-07-11 15:00:00] 
============================================================
[INFO] [2025-07-11 15:00:00] 交易日: 2025-07-14 (98/192)
[INFO] [2025-07-14 15:00:00] 账户总值: 112,739.93, 现金: 2,409.93, 持仓市值: 110,330.00
[INFO] [2025-07-14 15:00:00] 累计收益率: 12.74%
[INFO] [2025-07-14 15:00:00] 基准收益率: 2.26%, 累计超额收益: 10.48%
[INFO] [2025-07-14 15:00:00] 
============================================================
[INFO] [2025-07-14 15:00:00] 交易日: 2025-07-15 (99/192)
[INFO] [2025-07-15 15:00:00] 账户总值: 110,614.93, 现金: 2,409.93, 持仓市值: 108,205.00
[INFO] [2025-07-15 15:00:00] 累计收益率: 10.61%
[INFO] [2025-07-15 15:00:00] 基准收益率: 2.29%, 累计超额收益: 8.32%
[INFO] [2025-07-15 15:00:00] 
============================================================
[INFO] [2025-07-15 15:00:00] 交易日: 2025-07-16 (100/192)
[INFO] [2025-07-16 15:00:00] 账户总值: 109,849.93, 现金: 2,409.93, 持仓市值: 107,440.00
[INFO] [2025-07-16 15:00:00] 累计收益率: 9.85%
[INFO] [2025-07-16 15:00:00] 基准收益率: 1.99%, 累计超额收益: 7.86%
[INFO] [2025-07-16 15:00:00] 
============================================================
[INFO] [2025-07-16 15:00:00] 交易日: 2025-07-17 (101/192)
[INFO] [2025-07-17 15:00:00] 账户总值: 109,424.93, 现金: 2,409.93, 持仓市值: 107,015.00
[INFO] [2025-07-17 15:00:00] 累计收益率: 9.42%
[INFO] [2025-07-17 15:00:00] 基准收益率: 2.69%, 累计超额收益: 6.74%
[INFO] [2025-07-17 15:00:00] 
============================================================
[INFO] [2025-07-17 15:00:00] 交易日: 2025-07-18 (102/192)
[INFO] [2025-07-18 15:00:00] 账户总值: 110,359.93, 现金: 2,409.93, 持仓市值: 107,950.00
[INFO] [2025-07-18 15:00:00] 累计收益率: 10.36%
[INFO] [2025-07-18 15:00:00] 基准收益率: 3.30%, 累计超额收益: 7.06%
[INFO] [2025-07-18 15:00:00] 
============================================================
[INFO] [2025-07-18 15:00:00] 交易日: 2025-07-21 (103/192)
[INFO] [2025-07-21 15:00:00] 账户总值: 109,594.93, 现金: 2,409.93, 持仓市值: 107,185.00
[INFO] [2025-07-21 15:00:00] 累计收益率: 9.59%
[INFO] [2025-07-21 15:00:00] 基准收益率: 3.99%, 累计超额收益: 5.61%
[INFO] [2025-07-21 15:00:00] 
============================================================
[INFO] [2025-07-21 15:00:00] 交易日: 2025-07-22 (104/192)
[INFO] [2025-07-22 15:00:00] 账户总值: 108,574.93, 现金: 2,409.93, 持仓市值: 106,165.00
[INFO] [2025-07-22 15:00:00] 累计收益率: 8.57%
[INFO] [2025-07-22 15:00:00] 基准收益率: 4.84%, 累计超额收益: 3.74%
[INFO] [2025-07-22 15:00:00] 
============================================================
[INFO] [2025-07-22 15:00:00] 交易日: 2025-07-23 (105/192)
[INFO] [2025-07-23 15:00:00] 账户总值: 108,914.93, 现金: 2,409.93, 持仓市值: 106,505.00
[INFO] [2025-07-23 15:00:00] 累计收益率: 8.91%
[INFO] [2025-07-23 15:00:00] 基准收益率: 4.86%, 累计超额收益: 4.06%
[INFO] [2025-07-23 15:00:00] 
============================================================
[INFO] [2025-07-23 15:00:00] 交易日: 2025-07-24 (106/192)
[INFO] [2025-07-24 09:35:00] 处理 1 个订单
[INFO] [2025-07-24 09:35:00] 卖出 000001.XSHE: 8500 股, 成交价 12.46, 费用 137.68
[INFO] [2025-07-24 15:00:00] 账户总值: 108,182.25, 现金: 108,182.25, 持仓市值: 0.00
[INFO] [2025-07-24 15:00:00] 累计收益率: 8.18%
[INFO] [2025-07-24 15:00:00] 基准收益率: 5.60%, 累计超额收益: 2.58%
[INFO] [2025-07-24 15:00:00] 
============================================================
[INFO] [2025-07-24 15:00:00] 交易日: 2025-07-25 (107/192)
[INFO] [2025-07-25 15:00:00] 账户总值: 108,182.25, 现金: 108,182.25, 持仓市值: 0.00
[INFO] [2025-07-25 15:00:00] 累计收益率: 8.18%
[INFO] [2025-07-25 15:00:00] 基准收益率: 5.05%, 累计超额收益: 3.14%
[INFO] [2025-07-25 15:00:00] 
============================================================
[INFO] [2025-07-25 15:00:00] 交易日: 2025-07-28 (108/192)
[INFO] [2025-07-28 15:00:00] 账户总值: 108,182.25, 现金: 108,182.25, 持仓市值: 0.00
[INFO] [2025-07-28 15:00:00] 累计收益率: 8.18%
[INFO] [2025-07-28 15:00:00] 基准收益率: 5.27%, 累计超额收益: 2.92%
[INFO] [2025-07-28 15:00:00] 
============================================================
[INFO] [2025-07-28 15:00:00] 交易日: 2025-07-29 (109/192)
[INFO] [2025-07-29 15:00:00] 账户总值: 108,182.25, 现金: 108,182.25, 持仓市值: 0.00
[INFO] [2025-07-29 15:00:00] 累计收益率: 8.18%
[INFO] [2025-07-29 15:00:00] 基准收益率: 5.68%, 累计超额收益: 2.50%
[INFO] [2025-07-29 15:00:00] 
============================================================
[INFO] [2025-07-29 15:00:00] 交易日: 2025-07-30 (110/192)
[INFO] [2025-07-30 15:00:00] 账户总值: 108,182.25, 现金: 108,182.25, 持仓市值: 0.00
[INFO] [2025-07-30 15:00:00] 累计收益率: 8.18%
[INFO] [2025-07-30 15:00:00] 基准收益率: 5.66%, 累计超额收益: 2.52%
[INFO] [2025-07-30 15:00:00] 
============================================================
[INFO] [2025-07-30 15:00:00] 交易日: 2025-07-31 (111/192)
[INFO] [2025-07-31 15:00:00] 账户总值: 108,182.25, 现金: 108,182.25, 持仓市值: 0.00
[INFO] [2025-07-31 15:00:00] 累计收益率: 8.18%
[INFO] [2025-07-31 15:00:00] 基准收益率: 3.73%, 累计超额收益: 4.45%
[INFO] [2025-07-31 15:00:00] 
============================================================
[INFO] [2025-07-31 15:00:00] 交易日: 2025-08-01 (112/192)
[INFO] [2025-08-01 15:00:00] 账户总值: 108,182.25, 现金: 108,182.25, 持仓市值: 0.00
[INFO] [2025-08-01 15:00:00] 累计收益率: 8.18%
[INFO] [2025-08-01 15:00:00] 基准收益率: 3.21%, 累计超额收益: 4.97%
[INFO] [2025-08-01 15:00:00] 
============================================================
[INFO] [2025-08-01 15:00:00] 交易日: 2025-08-04 (113/192)
[INFO] [2025-08-04 15:00:00] 账户总值: 108,182.25, 现金: 108,182.25, 持仓市值: 0.00
[INFO] [2025-08-04 15:00:00] 累计收益率: 8.18%
[INFO] [2025-08-04 15:00:00] 基准收益率: 3.61%, 累计超额收益: 4.57%
[INFO] [2025-08-04 15:00:00] 
============================================================
[INFO] [2025-08-04 15:00:00] 交易日: 2025-08-05 (114/192)
[INFO] [2025-08-05 15:00:00] 账户总值: 108,182.25, 现金: 108,182.25, 持仓市值: 0.00
[INFO] [2025-08-05 15:00:00] 累计收益率: 8.18%
[INFO] [2025-08-05 15:00:00] 基准收益率: 4.44%, 累计超额收益: 3.74%
[INFO] [2025-08-05 15:00:00] 
============================================================
[INFO] [2025-08-05 15:00:00] 交易日: 2025-08-06 (115/192)
[INFO] [2025-08-06 15:00:00] 账户总值: 108,182.25, 现金: 108,182.25, 持仓市值: 0.00
[INFO] [2025-08-06 15:00:00] 累计收益率: 8.18%
[INFO] [2025-08-06 15:00:00] 基准收益率: 4.70%, 累计超额收益: 3.48%
[INFO] [2025-08-06 15:00:00] 
============================================================
[INFO] [2025-08-06 15:00:00] 交易日: 2025-08-07 (116/192)
[INFO] [2025-08-07 15:00:00] 账户总值: 108,182.25, 现金: 108,182.25, 持仓市值: 0.00
[INFO] [2025-08-07 15:00:00] 累计收益率: 8.18%
[INFO] [2025-08-07 15:00:00] 基准收益率: 4.73%, 累计超额收益: 3.45%
[INFO] [2025-08-07 15:00:00] 
============================================================
[INFO] [2025-08-07 15:00:00] 交易日: 2025-08-08 (117/192)
[INFO] [2025-08-08 15:00:00] 账户总值: 108,182.25, 现金: 108,182.25, 持仓市值: 0.00
[INFO] [2025-08-08 15:00:00] 累计收益率: 8.18%
[INFO] [2025-08-08 15:00:00] 基准收益率: 4.48%, 累计超额收益: 3.70%
[INFO] [2025-08-08 15:00:00] 
============================================================
[INFO] [2025-08-08 15:00:00] 交易日: 2025-08-11 (118/192)
[INFO] [2025-08-11 15:00:00] 账户总值: 108,182.25, 现金: 108,182.25, 持仓市值: 0.00
[INFO] [2025-08-11 15:00:00] 累计收益率: 8.18%
[INFO] [2025-08-11 15:00:00] 基准收益率: 4.93%, 累计超额收益: 3.25%
[INFO] [2025-08-11 15:00:00] 
============================================================
[INFO] [2025-08-11 15:00:00] 交易日: 2025-08-12 (119/192)
[INFO] [2025-08-12 15:00:00] 账户总值: 108,182.25, 现金: 108,182.25, 持仓市值: 0.00
[INFO] [2025-08-12 15:00:00] 累计收益率: 8.18%
[INFO] [2025-08-12 15:00:00] 基准收益率: 5.47%, 累计超额收益: 2.71%
[INFO] [2025-08-12 15:00:00] 
============================================================
[INFO] [2025-08-12 15:00:00] 交易日: 2025-08-13 (120/192)
[INFO] [2025-08-13 15:00:00] 账户总值: 108,182.25, 现金: 108,182.25, 持仓市值: 0.00
[INFO] [2025-08-13 15:00:00] 累计收益率: 8.18%
[INFO] [2025-08-13 15:00:00] 基准收益率: 6.30%, 累计超额收益: 1.88%
[INFO] [2025-08-13 15:00:00] 
============================================================
[INFO] [2025-08-13 15:00:00] 交易日: 2025-08-14 (121/192)
[INFO] [2025-08-14 15:00:00] 账户总值: 108,182.25, 现金: 108,182.25, 持仓市值: 0.00
[INFO] [2025-08-14 15:00:00] 累计收益率: 8.18%
[INFO] [2025-08-14 15:00:00] 基准收益率: 6.22%, 累计超额收益: 1.96%
[INFO] [2025-08-14 15:00:00] 
============================================================
[INFO] [2025-08-14 15:00:00] 交易日: 2025-08-15 (122/192)
[INFO] [2025-08-15 15:00:00] 账户总值: 108,182.25, 现金: 108,182.25, 持仓市值: 0.00
[INFO] [2025-08-15 15:00:00] 累计收益率: 8.18%
[INFO] [2025-08-15 15:00:00] 基准收益率: 6.96%, 累计超额收益: 1.22%
[INFO] [2025-08-15 15:00:00] 
============================================================
[INFO] [2025-08-15 15:00:00] 交易日: 2025-08-18 (123/192)
[INFO] [2025-08-18 15:00:00] 账户总值: 108,182.25, 现金: 108,182.25, 持仓市值: 0.00
[INFO] [2025-08-18 15:00:00] 累计收益率: 8.18%
[INFO] [2025-08-18 15:00:00] 基准收益率: 7.90%, 累计超额收益: 0.28%
[INFO] [2025-08-18 15:00:00] 
============================================================
[INFO] [2025-08-18 15:00:00] 交易日: 2025-08-19 (124/192)
[INFO] [2025-08-19 15:00:00] 账户总值: 108,182.25, 现金: 108,182.25, 持仓市值: 0.00
[INFO] [2025-08-19 15:00:00] 累计收益率: 8.18%
[INFO] [2025-08-19 15:00:00] 基准收益率: 7.49%, 累计超额收益: 0.69%
[INFO] [2025-08-19 15:00:00] 
============================================================
[INFO] [2025-08-19 15:00:00] 交易日: 2025-08-20 (125/192)
[INFO] [2025-08-20 15:00:00] 账户总值: 108,182.25, 现金: 108,182.25, 持仓市值: 0.00
[INFO] [2025-08-20 15:00:00] 累计收益率: 8.18%
[INFO] [2025-08-20 15:00:00] 基准收益率: 8.72%, 累计超额收益: -0.54%
[INFO] [2025-08-20 15:00:00] 
============================================================
[INFO] [2025-08-20 15:00:00] 交易日: 2025-08-21 (126/192)
[INFO] [2025-08-21 15:00:00] 账户总值: 108,182.25, 现金: 108,182.25, 持仓市值: 0.00
[INFO] [2025-08-21 15:00:00] 累计收益率: 8.18%
[INFO] [2025-08-21 15:00:00] 基准收益率: 9.14%, 累计超额收益: -0.96%
[INFO] [2025-08-21 15:00:00] 
============================================================
[INFO] [2025-08-21 15:00:00] 交易日: 2025-08-22 (127/192)
[INFO] [2025-08-22 15:00:00] 账户总值: 108,182.25, 现金: 108,182.25, 持仓市值: 0.00
[INFO] [2025-08-22 15:00:00] 累计收益率: 8.18%
[INFO] [2025-08-22 15:00:00] 基准收益率: 11.43%, 累计超额收益: -3.25%
[INFO] [2025-08-22 15:00:00] 
============================================================
[INFO] [2025-08-22 15:00:00] 交易日: 2025-08-25 (128/192)
[INFO] [2025-08-25 15:00:00] 账户总值: 108,182.25, 现金: 108,182.25, 持仓市值: 0.00
[INFO] [2025-08-25 15:00:00] 累计收益率: 8.18%
[INFO] [2025-08-25 15:00:00] 基准收益率: 13.75%, 累计超额收益: -5.57%
[INFO] [2025-08-25 15:00:00] 
============================================================
[INFO] [2025-08-25 15:00:00] 交易日: 2025-08-26 (129/192)
[INFO] [2025-08-26 15:00:00] 账户总值: 108,182.25, 现金: 108,182.25, 持仓市值: 0.00
[INFO] [2025-08-26 15:00:00] 累计收益率: 8.18%
[INFO] [2025-08-26 15:00:00] 基准收益率: 13.33%, 累计超额收益: -5.15%
[INFO] [2025-08-26 15:00:00] 
============================================================
[INFO] [2025-08-26 15:00:00] 交易日: 2025-08-27 (130/192)
[INFO] [2025-08-27 15:00:00] 账户总值: 108,182.25, 现金: 108,182.25, 持仓市值: 0.00
[INFO] [2025-08-27 15:00:00] 累计收益率: 8.18%
[INFO] [2025-08-27 15:00:00] 基准收益率: 11.64%, 累计超额收益: -3.46%
[INFO] [2025-08-27 15:00:00] 
============================================================
[INFO] [2025-08-27 15:00:00] 交易日: 2025-08-28 (131/192)
[INFO] [2025-08-28 15:00:00] 账户总值: 108,182.25, 现金: 108,182.25, 持仓市值: 0.00
[INFO] [2025-08-28 15:00:00] 累计收益率: 8.18%
[INFO] [2025-08-28 15:00:00] 基准收益率: 13.61%, 累计超额收益: -5.43%
[INFO] [2025-08-28 15:00:00] 
============================================================
[INFO] [2025-08-28 15:00:00] 交易日: 2025-08-29 (132/192)
[INFO] [2025-08-29 15:00:00] 账户总值: 108,182.25, 现金: 108,182.25, 持仓市值: 0.00
[INFO] [2025-08-29 15:00:00] 累计收益率: 8.18%
[INFO] [2025-08-29 15:00:00] 基准收益率: 14.45%, 累计超额收益: -6.27%
[INFO] [2025-08-29 15:00:00] 
============================================================
[INFO] [2025-08-29 15:00:00] 交易日: 2025-09-01 (133/192)
[INFO] [2025-09-01 15:00:00] 账户总值: 108,182.25, 现金: 108,182.25, 持仓市值: 0.00
[INFO] [2025-09-01 15:00:00] 累计收益率: 8.18%
[INFO] [2025-09-01 15:00:00] 基准收益率: 15.14%, 累计超额收益: -6.96%
[INFO] [2025-09-01 15:00:00] 
============================================================
[INFO] [2025-09-01 15:00:00] 交易日: 2025-09-02 (134/192)
[INFO] [2025-09-02 15:00:00] 账户总值: 108,182.25, 现金: 108,182.25, 持仓市值: 0.00
[INFO] [2025-09-02 15:00:00] 累计收益率: 8.18%
[INFO] [2025-09-02 15:00:00] 基准收益率: 14.29%, 累计超额收益: -6.11%
[INFO] [2025-09-02 15:00:00] 
============================================================
[INFO] [2025-09-02 15:00:00] 交易日: 2025-09-03 (135/192)
[INFO] [2025-09-03 15:00:00] 账户总值: 108,182.25, 现金: 108,182.25, 持仓市值: 0.00
[INFO] [2025-09-03 15:00:00] 累计收益率: 8.18%
[INFO] [2025-09-03 15:00:00] 基准收益率: 13.51%, 累计超额收益: -5.33%
[INFO] [2025-09-03 15:00:00] 
============================================================
[INFO] [2025-09-03 15:00:00] 交易日: 2025-09-04 (136/192)
[INFO] [2025-09-04 15:00:00] 账户总值: 108,182.25, 现金: 108,182.25, 持仓市值: 0.00
[INFO] [2025-09-04 15:00:00] 累计收益率: 8.18%
[INFO] [2025-09-04 15:00:00] 基准收益率: 11.11%, 累计超额收益: -2.92%
[INFO] [2025-09-04 15:00:00] 
============================================================
[INFO] [2025-09-04 15:00:00] 交易日: 2025-09-05 (137/192)
[INFO] [2025-09-05 15:00:00] 账户总值: 108,182.25, 现金: 108,182.25, 持仓市值: 0.00
[INFO] [2025-09-05 15:00:00] 累计收益率: 8.18%
[INFO] [2025-09-05 15:00:00] 基准收益率: 13.53%, 累计超额收益: -5.34%
[INFO] [2025-09-05 15:00:00] 
============================================================
[INFO] [2025-09-05 15:00:00] 交易日: 2025-09-08 (138/192)
[INFO] [2025-09-08 15:00:00] 账户总值: 108,182.25, 现金: 108,182.25, 持仓市值: 0.00
[INFO] [2025-09-08 15:00:00] 累计收益率: 8.18%
[INFO] [2025-09-08 15:00:00] 基准收益率: 13.71%, 累计超额收益: -5.53%
[INFO] [2025-09-08 15:00:00] 
============================================================
[INFO] [2025-09-08 15:00:00] 交易日: 2025-09-09 (139/192)
[INFO] [2025-09-09 15:00:00] 账户总值: 108,182.25, 现金: 108,182.25, 持仓市值: 0.00
[INFO] [2025-09-09 15:00:00] 累计收益率: 8.18%
[INFO] [2025-09-09 15:00:00] 基准收益率: 12.91%, 累计超额收益: -4.73%
[INFO] [2025-09-09 15:00:00] 
============================================================
[INFO] [2025-09-09 15:00:00] 交易日: 2025-09-10 (140/192)
[INFO] [2025-09-10 15:00:00] 账户总值: 108,182.25, 现金: 108,182.25, 持仓市值: 0.00
[INFO] [2025-09-10 15:00:00] 累计收益率: 8.18%
[INFO] [2025-09-10 15:00:00] 基准收益率: 13.15%, 累计超额收益: -4.96%
[INFO] [2025-09-10 15:00:00] 
============================================================
[INFO] [2025-09-10 15:00:00] 交易日: 2025-09-11 (141/192)
[INFO] [2025-09-11 15:00:00] 账户总值: 108,182.25, 现金: 108,182.25, 持仓市值: 0.00
[INFO] [2025-09-11 15:00:00] 累计收益率: 8.18%
[INFO] [2025-09-11 15:00:00] 基准收益率: 15.76%, 累计超额收益: -7.58%
[INFO] [2025-09-11 15:00:00] 
============================================================
[INFO] [2025-09-11 15:00:00] 交易日: 2025-09-12 (142/192)
[INFO] [2025-09-12 15:00:00] 账户总值: 108,182.25, 现金: 108,182.25, 持仓市值: 0.00
[INFO] [2025-09-12 15:00:00] 累计收益率: 8.18%
[INFO] [2025-09-12 15:00:00] 基准收益率: 15.10%, 累计超额收益: -6.91%
[INFO] [2025-09-12 15:00:00] 
============================================================
[INFO] [2025-09-12 15:00:00] 交易日: 2025-09-15 (143/192)
[INFO] [2025-09-15 15:00:00] 账户总值: 108,182.25, 现金: 108,182.25, 持仓市值: 0.00
[INFO] [2025-09-15 15:00:00] 累计收益率: 8.18%
[INFO] [2025-09-15 15:00:00] 基准收益率: 15.38%, 累计超额收益: -7.20%
[INFO] [2025-09-15 15:00:00] 
============================================================
[INFO] [2025-09-15 15:00:00] 交易日: 2025-09-16 (144/192)
[INFO] [2025-09-16 15:00:00] 账户总值: 108,182.25, 现金: 108,182.25, 持仓市值: 0.00
[INFO] [2025-09-16 15:00:00] 累计收益率: 8.18%
[INFO] [2025-09-16 15:00:00] 基准收益率: 15.13%, 累计超额收益: -6.95%
[INFO] [2025-09-16 15:00:00] 
============================================================
[INFO] [2025-09-16 15:00:00] 交易日: 2025-09-17 (145/192)
[INFO] [2025-09-17 15:00:00] 账户总值: 108,182.25, 现金: 108,182.25, 持仓市值: 0.00
[INFO] [2025-09-17 15:00:00] 累计收益率: 8.18%
[INFO] [2025-09-17 15:00:00] 基准收益率: 15.83%, 累计超额收益: -7.65%
[INFO] [2025-09-17 15:00:00] 
============================================================
[INFO] [2025-09-17 15:00:00] 交易日: 2025-09-18 (146/192)
[INFO] [2025-09-18 15:00:00] 账户总值: 108,182.25, 现金: 108,182.25, 持仓市值: 0.00
[INFO] [2025-09-18 15:00:00] 累计收益率: 8.18%
[INFO] [2025-09-18 15:00:00] 基准收益率: 14.49%, 累计超额收益: -6.31%
[INFO] [2025-09-18 15:00:00] 
============================================================
[INFO] [2025-09-18 15:00:00] 交易日: 2025-09-19 (147/192)
[INFO] [2025-09-19 15:00:00] 账户总值: 108,182.25, 现金: 108,182.25, 持仓市值: 0.00
[INFO] [2025-09-19 15:00:00] 累计收益率: 8.18%
[INFO] [2025-09-19 15:00:00] 基准收益率: 14.58%, 累计超额收益: -6.40%
[INFO] [2025-09-19 15:00:00] 
============================================================
[INFO] [2025-09-19 15:00:00] 交易日: 2025-09-22 (148/192)
[INFO] [2025-09-22 15:00:00] 账户总值: 108,182.25, 现金: 108,182.25, 持仓市值: 0.00
[INFO] [2025-09-22 15:00:00] 累计收益率: 8.18%
[INFO] [2025-09-22 15:00:00] 基准收益率: 15.11%, 累计超额收益: -6.93%
[INFO] [2025-09-22 15:00:00] 
============================================================
[INFO] [2025-09-22 15:00:00] 交易日: 2025-09-23 (149/192)
[INFO] [2025-09-23 15:00:00] 账户总值: 108,182.25, 现金: 108,182.25, 持仓市值: 0.00
[INFO] [2025-09-23 15:00:00] 累计收益率: 8.18%
[INFO] [2025-09-23 15:00:00] 基准收益率: 15.04%, 累计超额收益: -6.86%
[INFO] [2025-09-23 15:00:00] 
============================================================
[INFO] [2025-09-23 15:00:00] 交易日: 2025-09-24 (150/192)
[INFO] [2025-09-24 15:00:00] 账户总值: 108,182.25, 现金: 108,182.25, 持仓市值: 0.00
[INFO] [2025-09-24 15:00:00] 累计收益率: 8.18%
[INFO] [2025-09-24 15:00:00] 基准收益率: 16.22%, 累计超额收益: -8.04%
[INFO] [2025-09-24 15:00:00] 
============================================================
[INFO] [2025-09-24 15:00:00] 交易日: 2025-09-25 (151/192)
[INFO] [2025-09-25 15:00:00] 账户总值: 108,182.25, 现金: 108,182.25, 持仓市值: 0.00
[INFO] [2025-09-25 15:00:00] 累计收益率: 8.18%
[INFO] [2025-09-25 15:00:00] 基准收益率: 16.92%, 累计超额收益: -8.73%
[INFO] [2025-09-25 15:00:00] 
============================================================
[INFO] [2025-09-25 15:00:00] 交易日: 2025-09-26 (152/192)
[INFO] [2025-09-26 15:00:00] 账户总值: 108,182.25, 现金: 108,182.25, 持仓市值: 0.00
[INFO] [2025-09-26 15:00:00] 累计收益率: 8.18%
[INFO] [2025-09-26 15:00:00] 基准收益率: 15.81%, 累计超额收益: -7.63%
[INFO] [2025-09-26 15:00:00] 
============================================================
[INFO] [2025-09-26 15:00:00] 交易日: 2025-09-29 (153/192)
[INFO] [2025-09-29 15:00:00] 账户总值: 108,182.25, 现金: 108,182.25, 持仓市值: 0.00
[INFO] [2025-09-29 15:00:00] 累计收益率: 8.18%
[INFO] [2025-09-29 15:00:00] 基准收益率: 17.59%, 累计超额收益: -9.41%
[INFO] [2025-09-29 15:00:00] 
============================================================
[INFO] [2025-09-29 15:00:00] 交易日: 2025-09-30 (154/192)
[INFO] [2025-09-30 15:00:00] 账户总值: 108,182.25, 现金: 108,182.25, 持仓市值: 0.00
[INFO] [2025-09-30 15:00:00] 累计收益率: 8.18%
[INFO] [2025-09-30 15:00:00] 基准收益率: 18.12%, 累计超额收益: -9.93%
[INFO] [2025-09-30 15:00:00] 
============================================================
[INFO] [2025-09-30 15:00:00] 交易日: 2025-10-09 (155/192)
[INFO] [2025-10-09 15:00:00] 账户总值: 108,182.25, 现金: 108,182.25, 持仓市值: 0.00
[INFO] [2025-10-09 15:00:00] 累计收益率: 8.18%
[INFO] [2025-10-09 15:00:00] 基准收益率: 19.87%, 累计超额收益: -11.69%
[INFO] [2025-10-09 15:00:00] 
============================================================
[INFO] [2025-10-09 15:00:00] 交易日: 2025-10-10 (156/192)
[INFO] [2025-10-10 15:00:00] 账户总值: 108,182.25, 现金: 108,182.25, 持仓市值: 0.00
[INFO] [2025-10-10 15:00:00] 累计收益率: 8.18%
[INFO] [2025-10-10 15:00:00] 基准收益率: 17.51%, 累计超额收益: -9.33%
[INFO] [2025-10-10 15:00:00] 
============================================================
[INFO] [2025-10-10 15:00:00] 交易日: 2025-10-13 (157/192)
[INFO] [2025-10-13 15:00:00] 账户总值: 108,182.25, 现金: 108,182.25, 持仓市值: 0.00
[INFO] [2025-10-13 15:00:00] 累计收益率: 8.18%
[INFO] [2025-10-13 15:00:00] 基准收益率: 16.93%, 累计超额收益: -8.75%
[INFO] [2025-10-13 15:00:00] 
============================================================
[INFO] [2025-10-13 15:00:00] 交易日: 2025-10-14 (158/192)
[INFO] [2025-10-14 15:00:00] 账户总值: 108,182.25, 现金: 108,182.25, 持仓市值: 0.00
[INFO] [2025-10-14 15:00:00] 累计收益率: 8.18%
[INFO] [2025-10-14 15:00:00] 基准收益率: 15.53%, 累计超额收益: -7.35%
[INFO] [2025-10-14 15:00:00] 
============================================================
[INFO] [2025-10-14 15:00:00] 交易日: 2025-10-15 (159/192)
[INFO] [2025-10-15 15:00:00] 账户总值: 108,182.25, 现金: 108,182.25, 持仓市值: 0.00
[INFO] [2025-10-15 15:00:00] 累计收益率: 8.18%
[INFO] [2025-10-15 15:00:00] 基准收益率: 17.24%, 累计超额收益: -9.06%
[INFO] [2025-10-15 15:00:00] 
============================================================
[INFO] [2025-10-15 15:00:00] 交易日: 2025-10-16 (160/192)
[INFO] [2025-10-16 15:00:00] 账户总值: 108,182.25, 现金: 108,182.25, 持仓市值: 0.00
[INFO] [2025-10-16 15:00:00] 累计收益率: 8.18%
[INFO] [2025-10-16 15:00:00] 基准收益率: 17.55%, 累计超额收益: -9.37%
[INFO] [2025-10-16 15:00:00] 
============================================================
[INFO] [2025-10-16 15:00:00] 交易日: 2025-10-17 (161/192)
[INFO] [2025-10-17 09:35:00] 处理 1 个订单
[INFO] [2025-10-17 09:35:00] 000001.XSHE 缩量至可下单上限: 9282
[INFO] [2025-10-17 09:35:00] 买入 000001.XSHE: 9200 股, 委托价 11.65, 成交价 11.49, 费用 31.71
[INFO] [2025-10-17 15:00:00] 账户总值: 107,322.54, 现金: 2,442.54, 持仓市值: 104,880.00
[INFO] [2025-10-17 15:00:00] 累计收益率: 7.32%
[INFO] [2025-10-17 15:00:00] 基准收益率: 14.90%, 累计超额收益: -7.58%
[INFO] [2025-10-17 15:00:00] 
============================================================
[INFO] [2025-10-17 15:00:00] 交易日: 2025-10-20 (162/192)
[INFO] [2025-10-20 09:00:00] 000001.XSHE 现金分红: 生效 2025-10-15, 每10派2.3600 (净1.8880, 税率 20%)，入账 1736.96
[INFO] [2025-10-20 15:00:00] 账户总值: 109,243.50, 现金: 4,179.50, 持仓市值: 105,064.00
[INFO] [2025-10-20 15:00:00] 累计收益率: 9.24%
[INFO] [2025-10-20 15:00:00] 基准收益率: 15.51%, 累计超额收益: -6.27%
[INFO] [2025-10-20 15:00:00] 
============================================================
[INFO] [2025-10-20 15:00:00] 交易日: 2025-10-21 (163/192)
[INFO] [2025-10-21 15:00:00] 账户总值: 109,335.50, 现金: 4,179.50, 持仓市值: 105,156.00
[INFO] [2025-10-21 15:00:00] 累计收益率: 9.34%
[INFO] [2025-10-21 15:00:00] 基准收益率: 17.28%, 累计超额收益: -7.95%
[INFO] [2025-10-21 15:00:00] 
============================================================
[INFO] [2025-10-21 15:00:00] 交易日: 2025-10-22 (164/192)
[INFO] [2025-10-22 15:00:00] 账户总值: 110,163.50, 现金: 4,179.50, 持仓市值: 105,984.00
[INFO] [2025-10-22 15:00:00] 累计收益率: 10.16%
[INFO] [2025-10-22 15:00:00] 基准收益率: 16.89%, 累计超额收益: -6.73%
[INFO] [2025-10-22 15:00:00] 
============================================================
[INFO] [2025-10-22 15:00:00] 交易日: 2025-10-23 (165/192)
[WARNING] [2025-10-23 09:35:00] 真实价格模式调用失败: 您当天的查询条数超过了每日最大查询限制：100.0万条；付费可增加流量权限，详情请联系聚宽JQData运营人员：
https://www.joinquant.com/help/api/doc?name=logon&id=9831，回退到标准复权
[ERROR] [2025-10-23 09:35:00] 获取价格数据失败: 您当天的查询条数超过了每日最大查询限制：100.0万条；付费可增加流量权限，详情请联系聚宽JQData运营人员：
https://www.joinquant.com/help/api/doc?name=logon&id=9831
[ERROR] [2025-10-23 15:00:00] 获取价格数据失败: 您当天的查询条数超过了每日最大查询限制：100.0万条；付费可增加流量权限，详情请联系聚宽JQData运营人员：
https://www.joinquant.com/help/api/doc?name=logon&id=9831
[INFO] [2025-10-23 15:00:00] 账户总值: 110,163.50, 现金: 4,179.50, 持仓市值: 105,984.00
[INFO] [2025-10-23 15:00:00] 累计收益率: 10.16%
[INFO] [2025-10-23 15:00:00] 基准收益率: 17.24%, 累计超额收益: -7.08%
[INFO] [2025-10-23 15:00:00] 
============================================================
[INFO] [2025-10-23 15:00:00] 交易日: 2025-10-24 (166/192)
[WARNING] [2025-10-24 09:35:00] 真实价格模式调用失败: 您当天的查询条数超过了每日最大查询限制：100.0万条；付费可增加流量权限，详情请联系聚宽JQData运营人员：
https://www.joinquant.com/help/api/doc?name=logon&id=9831，回退到标准复权
[ERROR] [2025-10-24 09:35:00] 获取价格数据失败: 您当天的查询条数超过了每日最大查询限制：100.0万条；付费可增加流量权限，详情请联系聚宽JQData运营人员：
https://www.joinquant.com/help/api/doc?name=logon&id=9831
[ERROR] [2025-10-24 15:00:00] 获取价格数据失败: 您当天的查询条数超过了每日最大查询限制：100.0万条；付费可增加流量权限，详情请联系聚宽JQData运营人员：
https://www.joinquant.com/help/api/doc?name=logon&id=9831
[INFO] [2025-10-24 15:00:00] 账户总值: 110,163.50, 现金: 4,179.50, 持仓市值: 105,984.00
[INFO] [2025-10-24 15:00:00] 累计收益率: 10.16%
[INFO] [2025-10-24 15:00:00] 基准收益率: 18.63%, 累计超额收益: -8.46%
[INFO] [2025-10-24 15:00:00] 
============================================================
[INFO] [2025-10-24 15:00:00] 交易日: 2025-10-27 (167/192)
[WARNING] [2025-10-27 09:35:00] 真实价格模式调用失败: 您当天的查询条数超过了每日最大查询限制：100.0万条；付费可增加流量权限，详情请联系聚宽JQData运营人员：
https://www.joinquant.com/help/api/doc?name=logon&id=9831，回退到标准复权
[ERROR] [2025-10-27 09:35:00] 获取价格数据失败: 您当天的查询条数超过了每日最大查询限制：100.0万条；付费可增加流量权限，详情请联系聚宽JQData运营人员：
https://www.joinquant.com/help/api/doc?name=logon&id=9831
[ERROR] [2025-10-27 15:00:00] 获取价格数据失败: 您当天的查询条数超过了每日最大查询限制：100.0万条；付费可增加流量权限，详情请联系聚宽JQData运营人员：
https://www.joinquant.com/help/api/doc?name=logon&id=9831
[INFO] [2025-10-27 15:00:00] 账户总值: 110,163.50, 现金: 4,179.50, 持仓市值: 105,984.00
[INFO] [2025-10-27 15:00:00] 累计收益率: 10.16%
[INFO] [2025-10-27 15:00:00] 基准收益率: 20.03%, 累计超额收益: -9.87%
[INFO] [2025-10-27 15:00:00] 
============================================================
[INFO] [2025-10-27 15:00:00] 交易日: 2025-10-28 (168/192)
[WARNING] [2025-10-28 09:35:00] 真实价格模式调用失败: 您当天的查询条数超过了每日最大查询限制：100.0万条；付费可增加流量权限，详情请联系聚宽JQData运营人员：
https://www.joinquant.com/help/api/doc?name=logon&id=9831，回退到标准复权
[ERROR] [2025-10-28 09:35:00] 获取价格数据失败: 您当天的查询条数超过了每日最大查询限制：100.0万条；付费可增加流量权限，详情请联系聚宽JQData运营人员：
https://www.joinquant.com/help/api/doc?name=logon&id=9831
[ERROR] [2025-10-28 15:00:00] 获取价格数据失败: 您当天的查询条数超过了每日最大查询限制：100.0万条；付费可增加流量权限，详情请联系聚宽JQData运营人员：
https://www.joinquant.com/help/api/doc?name=logon&id=9831
[INFO] [2025-10-28 15:00:00] 账户总值: 110,163.50, 现金: 4,179.50, 持仓市值: 105,984.00
[INFO] [2025-10-28 15:00:00] 累计收益率: 10.16%
[INFO] [2025-10-28 15:00:00] 基准收益率: 19.42%, 累计超额收益: -9.26%
[INFO] [2025-10-28 15:00:00] 
============================================================
[INFO] [2025-10-28 15:00:00] 交易日: 2025-10-29 (169/192)
[WARNING] [2025-10-29 09:35:00] 真实价格模式调用失败: 您当天的查询条数超过了每日最大查询限制：100.0万条；付费可增加流量权限，详情请联系聚宽JQData运营人员：
https://www.joinquant.com/help/api/doc?name=logon&id=9831，回退到标准复权
[ERROR] [2025-10-29 09:35:00] 获取价格数据失败: 您当天的查询条数超过了每日最大查询限制：100.0万条；付费可增加流量权限，详情请联系聚宽JQData运营人员：
https://www.joinquant.com/help/api/doc?name=logon&id=9831
[ERROR] [2025-10-29 15:00:00] 获取价格数据失败: 您当天的查询条数超过了每日最大查询限制：100.0万条；付费可增加流量权限，详情请联系聚宽JQData运营人员：
https://www.joinquant.com/help/api/doc?name=logon&id=9831
[INFO] [2025-10-29 15:00:00] 账户总值: 110,163.50, 现金: 4,179.50, 持仓市值: 105,984.00
[INFO] [2025-10-29 15:00:00] 累计收益率: 10.16%
[INFO] [2025-10-29 15:00:00] 基准收益率: 20.84%, 累计超额收益: -10.68%
[INFO] [2025-10-29 15:00:00] 
============================================================
[INFO] [2025-10-29 15:00:00] 交易日: 2025-10-30 (170/192)
[WARNING] [2025-10-30 09:35:00] 真实价格模式调用失败: 您当天的查询条数超过了每日最大查询限制：100.0万条；付费可增加流量权限，详情请联系聚宽JQData运营人员：
https://www.joinquant.com/help/api/doc?name=logon&id=9831，回退到标准复权
[ERROR] [2025-10-30 09:35:00] 获取价格数据失败: 您当天的查询条数超过了每日最大查询限制：100.0万条；付费可增加流量权限，详情请联系聚宽JQData运营人员：
https://www.joinquant.com/help/api/doc?name=logon&id=9831
[ERROR] [2025-10-30 15:00:00] 获取价格数据失败: 您当天的查询条数超过了每日最大查询限制：100.0万条；付费可增加流量权限，详情请联系聚宽JQData运营人员：
https://www.joinquant.com/help/api/doc?name=logon&id=9831
[INFO] [2025-10-30 15:00:00] 账户总值: 110,163.50, 现金: 4,179.50, 持仓市值: 105,984.00
[INFO] [2025-10-30 15:00:00] 累计收益率: 10.16%
[INFO] [2025-10-30 15:00:00] 基准收益率: 19.88%, 累计超额收益: -9.72%
[INFO] [2025-10-30 15:00:00] 
============================================================
[INFO] [2025-10-30 15:00:00] 交易日: 2025-10-31 (171/192)
[WARNING] [2025-10-31 09:35:00] 真实价格模式调用失败: 您当天的查询条数超过了每日最大查询限制：100.0万条；付费可增加流量权限，详情请联系聚宽JQData运营人员：
https://www.joinquant.com/help/api/doc?name=logon&id=9831，回退到标准复权
[ERROR] [2025-10-31 09:35:00] 获取价格数据失败: 您当天的查询条数超过了每日最大查询限制：100.0万条；付费可增加流量权限，详情请联系聚宽JQData运营人员：
https://www.joinquant.com/help/api/doc?name=logon&id=9831
[ERROR] [2025-10-31 15:00:00] 获取价格数据失败: 您当天的查询条数超过了每日最大查询限制：100.0万条；付费可增加流量权限，详情请联系聚宽JQData运营人员：
https://www.joinquant.com/help/api/doc?name=logon&id=9831
[INFO] [2025-10-31 15:00:00] 账户总值: 110,163.50, 现金: 4,179.50, 持仓市值: 105,984.00
[INFO] [2025-10-31 15:00:00] 累计收益率: 10.16%
[INFO] [2025-10-31 15:00:00] 基准收益率: 18.12%, 累计超额收益: -7.95%
[INFO] [2025-10-31 15:00:00] 
============================================================
[INFO] [2025-10-31 15:00:00] 交易日: 2025-11-03 (172/192)
[WARNING] [2025-11-03 09:35:00] 真实价格模式调用失败: 您当天的查询条数超过了每日最大查询限制：100.0万条；付费可增加流量权限，详情请联系聚宽JQData运营人员：
https://www.joinquant.com/help/api/doc?name=logon&id=9831，回退到标准复权
[ERROR] [2025-11-03 09:35:00] 获取价格数据失败: 您当天的查询条数超过了每日最大查询限制：100.0万条；付费可增加流量权限，详情请联系聚宽JQData运营人员：
https://www.joinquant.com/help/api/doc?name=logon&id=9831
[ERROR] [2025-11-03 15:00:00] 获取价格数据失败: 您当天的查询条数超过了每日最大查询限制：100.0万条；付费可增加流量权限，详情请联系聚宽JQData运营人员：
https://www.joinquant.com/help/api/doc?name=logon&id=9831
[INFO] [2025-11-03 15:00:00] 账户总值: 110,163.50, 现金: 4,179.50, 持仓市值: 105,984.00
[INFO] [2025-11-03 15:00:00] 累计收益率: 10.16%
[INFO] [2025-11-03 15:00:00] 基准收益率: 18.44%, 累计超额收益: -8.28%
[INFO] [2025-11-03 15:00:00] 
============================================================
[INFO] [2025-11-03 15:00:00] 交易日: 2025-11-04 (173/192)
[WARNING] [2025-11-04 09:35:00] 真实价格模式调用失败: 您当天的查询条数超过了每日最大查询限制：100.0万条；付费可增加流量权限，详情请联系聚宽JQData运营人员：
https://www.joinquant.com/help/api/doc?name=logon&id=9831，回退到标准复权
[ERROR] [2025-11-04 09:35:00] 获取价格数据失败: 您当天的查询条数超过了每日最大查询限制：100.0万条；付费可增加流量权限，详情请联系聚宽JQData运营人员：
https://www.joinquant.com/help/api/doc?name=logon&id=9831
[ERROR] [2025-11-04 15:00:00] 获取价格数据失败: 您当天的查询条数超过了每日最大查询限制：100.0万条；付费可增加流量权限，详情请联系聚宽JQData运营人员：
https://www.joinquant.com/help/api/doc?name=logon&id=9831
[INFO] [2025-11-04 15:00:00] 账户总值: 110,163.50, 现金: 4,179.50, 持仓市值: 105,984.00
[INFO] [2025-11-04 15:00:00] 累计收益率: 10.16%
[INFO] [2025-11-04 15:00:00] 基准收益率: 17.56%, 累计超额收益: -7.39%
[INFO] [2025-11-04 15:00:00] 
============================================================
[INFO] [2025-11-04 15:00:00] 交易日: 2025-11-05 (174/192)
[WARNING] [2025-11-05 09:35:00] 真实价格模式调用失败: 您当天的查询条数超过了每日最大查询限制：100.0万条；付费可增加流量权限，详情请联系聚宽JQData运营人员：
https://www.joinquant.com/help/api/doc?name=logon&id=9831，回退到标准复权
[ERROR] [2025-11-05 09:35:00] 获取价格数据失败: 您当天的查询条数超过了每日最大查询限制：100.0万条；付费可增加流量权限，详情请联系聚宽JQData运营人员：
https://www.joinquant.com/help/api/doc?name=logon&id=9831
[ERROR] [2025-11-05 15:00:00] 获取价格数据失败: 您当天的查询条数超过了每日最大查询限制：100.0万条；付费可增加流量权限，详情请联系聚宽JQData运营人员：
https://www.joinquant.com/help/api/doc?name=logon&id=9831
[INFO] [2025-11-05 15:00:00] 账户总值: 110,163.50, 现金: 4,179.50, 持仓市值: 105,984.00
[INFO] [2025-11-05 15:00:00] 累计收益率: 10.16%
[INFO] [2025-11-05 15:00:00] 基准收益率: 17.77%, 累计超额收益: -7.61%
[INFO] [2025-11-05 15:00:00] 
============================================================
[INFO] [2025-11-05 15:00:00] 交易日: 2025-11-06 (175/192)
[WARNING] [2025-11-06 09:35:00] 真实价格模式调用失败: 您当天的查询条数超过了每日最大查询限制：100.0万条；付费可增加流量权限，详情请联系聚宽JQData运营人员：
https://www.joinquant.com/help/api/doc?name=logon&id=9831，回退到标准复权
[ERROR] [2025-11-06 09:35:00] 获取价格数据失败: 您当天的查询条数超过了每日最大查询限制：100.0万条；付费可增加流量权限，详情请联系聚宽JQData运营人员：
https://www.joinquant.com/help/api/doc?name=logon&id=9831
[ERROR] [2025-11-06 15:00:00] 获取价格数据失败: 您当天的查询条数超过了每日最大查询限制：100.0万条；付费可增加流量权限，详情请联系聚宽JQData运营人员：
https://www.joinquant.com/help/api/doc?name=logon&id=9831
[INFO] [2025-11-06 15:00:00] 账户总值: 110,163.50, 现金: 4,179.50, 持仓市值: 105,984.00
[INFO] [2025-11-06 15:00:00] 累计收益率: 10.16%
[INFO] [2025-11-06 15:00:00] 基准收益率: 19.46%, 累计超额收益: -9.29%
[INFO] [2025-11-06 15:00:00] 
============================================================
[INFO] [2025-11-06 15:00:00] 交易日: 2025-11-07 (176/192)
[WARNING] [2025-11-07 09:35:00] 真实价格模式调用失败: 您当天的查询条数超过了每日最大查询限制：100.0万条；付费可增加流量权限，详情请联系聚宽JQData运营人员：
https://www.joinquant.com/help/api/doc?name=logon&id=9831，回退到标准复权
[ERROR] [2025-11-07 09:35:00] 获取价格数据失败: 您当天的查询条数超过了每日最大查询限制：100.0万条；付费可增加流量权限，详情请联系聚宽JQData运营人员：
https://www.joinquant.com/help/api/doc?name=logon&id=9831
[ERROR] [2025-11-07 15:00:00] 获取价格数据失败: 您当天的查询条数超过了每日最大查询限制：100.0万条；付费可增加流量权限，详情请联系聚宽JQData运营人员：
https://www.joinquant.com/help/api/doc?name=logon&id=9831
[INFO] [2025-11-07 15:00:00] 账户总值: 110,163.50, 现金: 4,179.50, 持仓市值: 105,984.00
[INFO] [2025-11-07 15:00:00] 累计收益率: 10.16%
[INFO] [2025-11-07 15:00:00] 基准收益率: 19.09%, 累计超额收益: -8.92%
[INFO] [2025-11-07 15:00:00] 
============================================================
[INFO] [2025-11-07 15:00:00] 交易日: 2025-11-10 (177/192)
[WARNING] [2025-11-10 09:35:00] 真实价格模式调用失败: 您当天的查询条数超过了每日最大查询限制：100.0万条；付费可增加流量权限，详情请联系聚宽JQData运营人员：
https://www.joinquant.com/help/api/doc?name=logon&id=9831，回退到标准复权
[ERROR] [2025-11-10 09:35:00] 获取价格数据失败: 您当天的查询条数超过了每日最大查询限制：100.0万条；付费可增加流量权限，详情请联系聚宽JQData运营人员：
https://www.joinquant.com/help/api/doc?name=logon&id=9831
[ERROR] [2025-11-10 15:00:00] 获取价格数据失败: 您当天的查询条数超过了每日最大查询限制：100.0万条；付费可增加流量权限，详情请联系聚宽JQData运营人员：
https://www.joinquant.com/help/api/doc?name=logon&id=9831
[INFO] [2025-11-10 15:00:00] 账户总值: 110,163.50, 现金: 4,179.50, 持仓市值: 105,984.00
[INFO] [2025-11-10 15:00:00] 累计收益率: 10.16%
[INFO] [2025-11-10 15:00:00] 基准收益率: 19.50%, 累计超额收益: -9.34%
[INFO] [2025-11-10 15:00:00] 
============================================================
[INFO] [2025-11-10 15:00:00] 交易日: 2025-11-11 (178/192)
[WARNING] [2025-11-11 09:35:00] 真实价格模式调用失败: 您当天的查询条数超过了每日最大查询限制：100.0万条；付费可增加流量权限，详情请联系聚宽JQData运营人员：
https://www.joinquant.com/help/api/doc?name=logon&id=9831，回退到标准复权
[ERROR] [2025-11-11 09:35:00] 获取价格数据失败: 您当天的查询条数超过了每日最大查询限制：100.0万条；付费可增加流量权限，详情请联系聚宽JQData运营人员：
https://www.joinquant.com/help/api/doc?name=logon&id=9831
[ERROR] [2025-11-11 15:00:00] 获取价格数据失败: 您当天的查询条数超过了每日最大查询限制：100.0万条；付费可增加流量权限，详情请联系聚宽JQData运营人员：
https://www.joinquant.com/help/api/doc?name=logon&id=9831
[INFO] [2025-11-11 15:00:00] 账户总值: 110,163.50, 现金: 4,179.50, 持仓市值: 105,984.00
[INFO] [2025-11-11 15:00:00] 累计收益率: 10.16%
[INFO] [2025-11-11 15:00:00] 基准收益率: 18.41%, 累计超额收益: -8.25%
[INFO] [2025-11-11 15:00:00] 
============================================================
[INFO] [2025-11-11 15:00:00] 交易日: 2025-11-12 (179/192)
[WARNING] [2025-11-12 09:35:00] 真实价格模式调用失败: 您当天的查询条数超过了每日最大查询限制：100.0万条；付费可增加流量权限，详情请联系聚宽JQData运营人员：
https://www.joinquant.com/help/api/doc?name=logon&id=9831，回退到标准复权
[ERROR] [2025-11-12 09:35:00] 获取价格数据失败: 您当天的查询条数超过了每日最大查询限制：100.0万条；付费可增加流量权限，详情请联系聚宽JQData运营人员：
https://www.joinquant.com/help/api/doc?name=logon&id=9831
[ERROR] [2025-11-12 15:00:00] 获取价格数据失败: 您当天的查询条数超过了每日最大查询限制：100.0万条；付费可增加流量权限，详情请联系聚宽JQData运营人员：
https://www.joinquant.com/help/api/doc?name=logon&id=9831
[INFO] [2025-11-12 15:00:00] 账户总值: 110,163.50, 现金: 4,179.50, 持仓市值: 105,984.00
[INFO] [2025-11-12 15:00:00] 累计收益率: 10.16%
[INFO] [2025-11-12 15:00:00] 基准收益率: 18.25%, 累计超额收益: -8.09%
[INFO] [2025-11-12 15:00:00] 
============================================================
[INFO] [2025-11-12 15:00:00] 交易日: 2025-11-13 (180/192)
[WARNING] [2025-11-13 09:35:00] 真实价格模式调用失败: 您当天的查询条数超过了每日最大查询限制：100.0万条；付费可增加流量权限，详情请联系聚宽JQData运营人员：
https://www.joinquant.com/help/api/doc?name=logon&id=9831，回退到标准复权
[ERROR] [2025-11-13 09:35:00] 获取价格数据失败: 您当天的查询条数超过了每日最大查询限制：100.0万条；付费可增加流量权限，详情请联系聚宽JQData运营人员：
https://www.joinquant.com/help/api/doc?name=logon&id=9831
[ERROR] [2025-11-13 15:00:00] 获取价格数据失败: 您当天的查询条数超过了每日最大查询限制：100.0万条；付费可增加流量权限，详情请联系聚宽JQData运营人员：
https://www.joinquant.com/help/api/doc?name=logon&id=9831
[INFO] [2025-11-13 15:00:00] 账户总值: 110,163.50, 现金: 4,179.50, 持仓市值: 105,984.00
[INFO] [2025-11-13 15:00:00] 累计收益率: 10.16%
[INFO] [2025-11-13 15:00:00] 基准收益率: 19.68%, 累计超额收益: -9.52%
[INFO] [2025-11-13 15:00:00] 
============================================================
[INFO] [2025-11-13 15:00:00] 交易日: 2025-11-14 (181/192)
[WARNING] [2025-11-14 09:35:00] 真实价格模式调用失败: 您当天的查询条数超过了每日最大查询限制：100.0万条；付费可增加流量权限，详情请联系聚宽JQData运营人员：
https://www.joinquant.com/help/api/doc?name=logon&id=9831，回退到标准复权
[ERROR] [2025-11-14 09:35:00] 获取价格数据失败: 您当天的查询条数超过了每日最大查询限制：100.0万条；付费可增加流量权限，详情请联系聚宽JQData运营人员：
https://www.joinquant.com/help/api/doc?name=logon&id=9831
[ERROR] [2025-11-14 15:00:00] 获取价格数据失败: 您当天的查询条数超过了每日最大查询限制：100.0万条；付费可增加流量权限，详情请联系聚宽JQData运营人员：
https://www.joinquant.com/help/api/doc?name=logon&id=9831
[INFO] [2025-11-14 15:00:00] 账户总值: 110,163.50, 现金: 4,179.50, 持仓市值: 105,984.00
[INFO] [2025-11-14 15:00:00] 累计收益率: 10.16%
[INFO] [2025-11-14 15:00:00] 基准收益率: 17.80%, 累计超额收益: -7.63%
[INFO] [2025-11-14 15:00:00] 
============================================================
[INFO] [2025-11-14 15:00:00] 交易日: 2025-11-17 (182/192)
[WARNING] [2025-11-17 09:35:00] 真实价格模式调用失败: 您当天的查询条数超过了每日最大查询限制：100.0万条；付费可增加流量权限，详情请联系聚宽JQData运营人员：
https://www.joinquant.com/help/api/doc?name=logon&id=9831，回退到标准复权
[ERROR] [2025-11-17 09:35:00] 获取价格数据失败: 您当天的查询条数超过了每日最大查询限制：100.0万条；付费可增加流量权限，详情请联系聚宽JQData运营人员：
https://www.joinquant.com/help/api/doc?name=logon&id=9831
[ERROR] [2025-11-17 15:00:00] 获取价格数据失败: 您当天的查询条数超过了每日最大查询限制：100.0万条；付费可增加流量权限，详情请联系聚宽JQData运营人员：
https://www.joinquant.com/help/api/doc?name=logon&id=9831
[INFO] [2025-11-17 15:00:00] 账户总值: 110,163.50, 现金: 4,179.50, 持仓市值: 105,984.00
[INFO] [2025-11-17 15:00:00] 累计收益率: 10.16%
[INFO] [2025-11-17 15:00:00] 基准收益率: 17.03%, 累计超额收益: -6.87%
[INFO] [2025-11-17 15:00:00] 
============================================================
[INFO] [2025-11-17 15:00:00] 交易日: 2025-11-18 (183/192)
[WARNING] [2025-11-18 09:35:00] 真实价格模式调用失败: 您当天的查询条数超过了每日最大查询限制：100.0万条；付费可增加流量权限，详情请联系聚宽JQData运营人员：
https://www.joinquant.com/help/api/doc?name=logon&id=9831，回退到标准复权
[ERROR] [2025-11-18 09:35:00] 获取价格数据失败: 您当天的查询条数超过了每日最大查询限制：100.0万条；付费可增加流量权限，详情请联系聚宽JQData运营人员：
https://www.joinquant.com/help/api/doc?name=logon&id=9831
[ERROR] [2025-11-18 15:00:00] 获取价格数据失败: 您当天的查询条数超过了每日最大查询限制：100.0万条；付费可增加流量权限，详情请联系聚宽JQData运营人员：
https://www.joinquant.com/help/api/doc?name=logon&id=9831
[INFO] [2025-11-18 15:00:00] 账户总值: 110,163.50, 现金: 4,179.50, 持仓市值: 105,984.00
[INFO] [2025-11-18 15:00:00] 累计收益率: 10.16%
[INFO] [2025-11-18 15:00:00] 基准收益率: 16.27%, 累计超额收益: -6.11%
[INFO] [2025-11-18 15:00:00] 
============================================================
[INFO] [2025-11-18 15:00:00] 交易日: 2025-11-19 (184/192)
[WARNING] [2025-11-19 09:35:00] 真实价格模式调用失败: 您当天的查询条数超过了每日最大查询限制：100.0万条；付费可增加流量权限，详情请联系聚宽JQData运营人员：
https://www.joinquant.com/help/api/doc?name=logon&id=9831，回退到标准复权
[ERROR] [2025-11-19 09:35:00] 获取价格数据失败: 您当天的查询条数超过了每日最大查询限制：100.0万条；付费可增加流量权限，详情请联系聚宽JQData运营人员：
https://www.joinquant.com/help/api/doc?name=logon&id=9831
[ERROR] [2025-11-19 15:00:00] 获取价格数据失败: 您当天的查询条数超过了每日最大查询限制：100.0万条；付费可增加流量权限，详情请联系聚宽JQData运营人员：
https://www.joinquant.com/help/api/doc?name=logon&id=9831
[INFO] [2025-11-19 15:00:00] 账户总值: 110,163.50, 现金: 4,179.50, 持仓市值: 105,984.00
[INFO] [2025-11-19 15:00:00] 累计收益率: 10.16%
[INFO] [2025-11-19 15:00:00] 基准收益率: 16.78%, 累计超额收益: -6.62%
[INFO] [2025-11-19 15:00:00] 
============================================================
[INFO] [2025-11-19 15:00:00] 交易日: 2025-11-20 (185/192)
[WARNING] [2025-11-20 09:35:00] 真实价格模式调用失败: 您当天的查询条数超过了每日最大查询限制：100.0万条；付费可增加流量权限，详情请联系聚宽JQData运营人员：
https://www.joinquant.com/help/api/doc?name=logon&id=9831，回退到标准复权
[ERROR] [2025-11-20 09:35:00] 获取价格数据失败: 您当天的查询条数超过了每日最大查询限制：100.0万条；付费可增加流量权限，详情请联系聚宽JQData运营人员：
https://www.joinquant.com/help/api/doc?name=logon&id=9831
[ERROR] [2025-11-20 15:00:00] 获取价格数据失败: 您当天的查询条数超过了每日最大查询限制：100.0万条；付费可增加流量权限，详情请联系聚宽JQData运营人员：
https://www.joinquant.com/help/api/doc?name=logon&id=9831
[INFO] [2025-11-20 15:00:00] 账户总值: 110,163.50, 现金: 4,179.50, 持仓市值: 105,984.00
[INFO] [2025-11-20 15:00:00] 累计收益率: 10.16%
[INFO] [2025-11-20 15:00:00] 基准收益率: 16.19%, 累计超额收益: -6.03%
[INFO] [2025-11-20 15:00:00] 
============================================================
[INFO] [2025-11-20 15:00:00] 交易日: 2025-11-21 (186/192)
[WARNING] [2025-11-21 09:35:00] 真实价格模式调用失败: 您当天的查询条数超过了每日最大查询限制：100.0万条；付费可增加流量权限，详情请联系聚宽JQData运营人员：
https://www.joinquant.com/help/api/doc?name=logon&id=9831，回退到标准复权
[ERROR] [2025-11-21 09:35:00] 获取价格数据失败: 您当天的查询条数超过了每日最大查询限制：100.0万条；付费可增加流量权限，详情请联系聚宽JQData运营人员：
https://www.joinquant.com/help/api/doc?name=logon&id=9831
[ERROR] [2025-11-21 15:00:00] 获取价格数据失败: 您当天的查询条数超过了每日最大查询限制：100.0万条；付费可增加流量权限，详情请联系聚宽JQData运营人员：
https://www.joinquant.com/help/api/doc?name=logon&id=9831
[INFO] [2025-11-21 15:00:00] 账户总值: 110,163.50, 现金: 4,179.50, 持仓市值: 105,984.00
[INFO] [2025-11-21 15:00:00] 累计收益率: 10.16%
[INFO] [2025-11-21 15:00:00] 基准收益率: 13.36%, 累计超额收益: -3.19%
[INFO] [2025-11-21 15:00:00] 
============================================================
[INFO] [2025-11-21 15:00:00] 交易日: 2025-11-24 (187/192)
[WARNING] [2025-11-24 09:35:00] 真实价格模式调用失败: 您当天的查询条数超过了每日最大查询限制：100.0万条；付费可增加流量权限，详情请联系聚宽JQData运营人员：
https://www.joinquant.com/help/api/doc?name=logon&id=9831，回退到标准复权
[ERROR] [2025-11-24 09:35:00] 获取价格数据失败: 您当天的查询条数超过了每日最大查询限制：100.0万条；付费可增加流量权限，详情请联系聚宽JQData运营人员：
https://www.joinquant.com/help/api/doc?name=logon&id=9831
[ERROR] [2025-11-24 15:00:00] 获取价格数据失败: 您当天的查询条数超过了每日最大查询限制：100.0万条；付费可增加流量权限，详情请联系聚宽JQData运营人员：
https://www.joinquant.com/help/api/doc?name=logon&id=9831
[INFO] [2025-11-24 15:00:00] 账户总值: 110,163.50, 现金: 4,179.50, 持仓市值: 105,984.00
[INFO] [2025-11-24 15:00:00] 累计收益率: 10.16%
[INFO] [2025-11-24 15:00:00] 基准收益率: 13.21%, 累计超额收益: -3.05%
[INFO] [2025-11-24 15:00:00] 
============================================================
[INFO] [2025-11-24 15:00:00] 交易日: 2025-11-25 (188/192)
[WARNING] [2025-11-25 09:35:00] 真实价格模式调用失败: 您当天的查询条数超过了每日最大查询限制：100.0万条；付费可增加流量权限，详情请联系聚宽JQData运营人员：
https://www.joinquant.com/help/api/doc?name=logon&id=9831，回退到标准复权
[ERROR] [2025-11-25 09:35:00] 获取价格数据失败: 您当天的查询条数超过了每日最大查询限制：100.0万条；付费可增加流量权限，详情请联系聚宽JQData运营人员：
https://www.joinquant.com/help/api/doc?name=logon&id=9831
[ERROR] [2025-11-25 15:00:00] 获取价格数据失败: 您当天的查询条数超过了每日最大查询限制：100.0万条；付费可增加流量权限，详情请联系聚宽JQData运营人员：
https://www.joinquant.com/help/api/doc?name=logon&id=9831
[INFO] [2025-11-25 15:00:00] 账户总值: 110,163.50, 现金: 4,179.50, 持仓市值: 105,984.00
[INFO] [2025-11-25 15:00:00] 累计收益率: 10.16%
[INFO] [2025-11-25 15:00:00] 基准收益率: 14.29%, 累计超额收益: -4.13%
[INFO] [2025-11-25 15:00:00] 
============================================================
[INFO] [2025-11-25 15:00:00] 交易日: 2025-11-26 (189/192)
[WARNING] [2025-11-26 09:35:00] 真实价格模式调用失败: 您当天的查询条数超过了每日最大查询限制：100.0万条；付费可增加流量权限，详情请联系聚宽JQData运营人员：
https://www.joinquant.com/help/api/doc?name=logon&id=9831，回退到标准复权
[ERROR] [2025-11-26 09:35:00] 获取价格数据失败: 您当天的查询条数超过了每日最大查询限制：100.0万条；付费可增加流量权限，详情请联系聚宽JQData运营人员：
https://www.joinquant.com/help/api/doc?name=logon&id=9831
[ERROR] [2025-11-26 15:00:00] 获取价格数据失败: 您当天的查询条数超过了每日最大查询限制：100.0万条；付费可增加流量权限，详情请联系聚宽JQData运营人员：
https://www.joinquant.com/help/api/doc?name=logon&id=9831
[INFO] [2025-11-26 15:00:00] 账户总值: 110,163.50, 现金: 4,179.50, 持仓市值: 105,984.00
[INFO] [2025-11-26 15:00:00] 累计收益率: 10.16%
[INFO] [2025-11-26 15:00:00] 基准收益率: 14.98%, 累计超额收益: -4.82%
[INFO] [2025-11-26 15:00:00] 
============================================================
[INFO] [2025-11-26 15:00:00] 交易日: 2025-11-27 (190/192)
[WARNING] [2025-11-27 09:35:00] 真实价格模式调用失败: 您当天的查询条数超过了每日最大查询限制：100.0万条；付费可增加流量权限，详情请联系聚宽JQData运营人员：
https://www.joinquant.com/help/api/doc?name=logon&id=9831，回退到标准复权
[ERROR] [2025-11-27 09:35:00] 获取价格数据失败: 您当天的查询条数超过了每日最大查询限制：100.0万条；付费可增加流量权限，详情请联系聚宽JQData运营人员：
https://www.joinquant.com/help/api/doc?name=logon&id=9831
[ERROR] [2025-11-27 15:00:00] 获取价格数据失败: 您当天的查询条数超过了每日最大查询限制：100.0万条；付费可增加流量权限，详情请联系聚宽JQData运营人员：
https://www.joinquant.com/help/api/doc?name=logon&id=9831
[INFO] [2025-11-27 15:00:00] 账户总值: 110,163.50, 现金: 4,179.50, 持仓市值: 105,984.00
[INFO] [2025-11-27 15:00:00] 累计收益率: 10.16%
[INFO] [2025-11-27 15:00:00] 基准收益率: 14.93%, 累计超额收益: -4.76%
[INFO] [2025-11-27 15:00:00] 
============================================================
[INFO] [2025-11-27 15:00:00] 交易日: 2025-11-28 (191/192)
[WARNING] [2025-11-28 09:35:00] 真实价格模式调用失败: 您当天的查询条数超过了每日最大查询限制：100.0万条；付费可增加流量权限，详情请联系聚宽JQData运营人员：
https://www.joinquant.com/help/api/doc?name=logon&id=9831，回退到标准复权
[ERROR] [2025-11-28 09:35:00] 获取价格数据失败: 您当天的查询条数超过了每日最大查询限制：100.0万条；付费可增加流量权限，详情请联系聚宽JQData运营人员：
https://www.joinquant.com/help/api/doc?name=logon&id=9831
[ERROR] [2025-11-28 15:00:00] 获取价格数据失败: 您当天的查询条数超过了每日最大查询限制：100.0万条；付费可增加流量权限，详情请联系聚宽JQData运营人员：
https://www.joinquant.com/help/api/doc?name=logon&id=9831
[INFO] [2025-11-28 15:00:00] 账户总值: 110,163.50, 现金: 4,179.50, 持仓市值: 105,984.00
[INFO] [2025-11-28 15:00:00] 累计收益率: 10.16%
[INFO] [2025-11-28 15:00:00] 基准收益率: 15.21%, 累计超额收益: -5.05%
[INFO] [2025-11-28 15:00:00] 
============================================================
[INFO] [2025-11-28 15:00:00] 交易日: 2025-12-01 (192/192)
[WARNING] [2025-12-01 09:35:00] 真实价格模式调用失败: 您当天的查询条数超过了每日最大查询限制：100.0万条；付费可增加流量权限，详情请联系聚宽JQData运营人员：
https://www.joinquant.com/help/api/doc?name=logon&id=9831，回退到标准复权
[ERROR] [2025-12-01 09:35:00] 获取价格数据失败: 您当天的查询条数超过了每日最大查询限制：100.0万条；付费可增加流量权限，详情请联系聚宽JQData运营人员：
https://www.joinquant.com/help/api/doc?name=logon&id=9831
[ERROR] [2025-12-01 15:00:00] 获取价格数据失败: 您当天的查询条数超过了每日最大查询限制：100.0万条；付费可增加流量权限，详情请联系聚宽JQData运营人员：
https://www.joinquant.com/help/api/doc?name=logon&id=9831
[INFO] [2025-12-01 15:00:00] 账户总值: 110,163.50, 现金: 4,179.50, 持仓市值: 105,984.00
[INFO] [2025-12-01 15:00:00] 累计收益率: 10.16%
[INFO] [2025-12-01 15:00:00] 基准收益率: 16.48%, 累计超额收益: -6.32%
[INFO] [2025-12-01 15:00:00] 
============================================================
[INFO] [2025-12-01 15:00:00] 回测完成
[INFO] [2025-12-01 15:00:00] ============================================================
[INFO] [2025-12-01 15:00:00] 日志已保存至: backtest_results/backtest.log
[INFO] [2025-12-01 15:00:00] 本次回测耗时: 51.231 秒
[INFO] [2025-12-01 15:00:00] 
============================================================
[INFO] [2025-12-01 15:00:00] 回测结果摘要
[INFO] [2025-12-01 15:00:00] ============================================================
[INFO] [2025-12-01 15:00:00] 策略收益: 10.16%
[INFO] [2025-12-01 15:00:00] 策略年化收益: 13.43%
[INFO] [2025-12-01 15:00:00] 最大回撤: -6.22%
[INFO] [2025-12-01 15:00:00] 夏普比率: 1.01
[INFO] [2025-12-01 15:00:00] 日胜率: 22.40%
[INFO] [2025-12-01 15:00:00] 交易胜率: 33.33%
[INFO] [2025-12-01 15:00:00] 交易天数: 192
[INFO] [2025-12-01 15:00:00] 初始资金: 100,000.00
[INFO] [2025-12-01 15:00:00] 最终资金: 110,163.50
[INFO] [2025-12-01 15:00:00] ============================================================
[ERROR] [2025-12-01 15:00:00] 获取标的信息失败: 您当天的查询条数超过了每日最大查询限制：100.0万条；付费可增加流量权限，详情请联系聚宽JQData运营人员：
https://www.joinquant.com/help/api/doc?name=logon&id=9831
[ERROR] [2025-12-01 15:00:00] 获取标的信息失败: 您当天的查询条数超过了每日最大查询限制：100.0万条；付费可增加流量权限，详情请联系聚宽JQData运营人员：
https://www.joinquant.com/help/api/doc?name=logon&id=9831
[ERROR] [2025-12-01 15:00:00] 获取标的信息失败: 您当天的查询条数超过了每日最大查询限制：100.0万条；付费可增加流量权限，详情请联系聚宽JQData运营人员：
https://www.joinquant.com/help/api/doc?name=logon&id=9831
[ERROR] [2025-12-01 15:00:00] 获取标的信息失败: 您当天的查询条数超过了每日最大查询限制：100.0万条；付费可增加流量权限，详情请联系聚宽JQData运营人员：
https://www.joinquant.com/help/api/doc?name=logon&id=9831
[ERROR] [2025-12-01 15:00:00] 获取标的信息失败: 您当天的查询条数超过了每日最大查询限制：100.0万条；付费可增加流量权限，详情请联系聚宽JQData运营人员：
https://www.joinquant.com/help/api/doc?name=logon&id=9831
[ERROR] [2025-12-01 15:00:00] 获取标的信息失败: 您当天的查询条数超过了每日最大查询限制：100.0万条；付费可增加流量权限，详情请联系聚宽JQData运营人员：
https://www.joinquant.com/help/api/doc?name=logon&id=9831
[ERROR] [2025-12-01 15:00:00] 获取标的信息失败: 您当天的查询条数超过了每日最大查询限制：100.0万条；付费可增加流量权限，详情请联系聚宽JQData运营人员：
https://www.joinquant.com/help/api/doc?name=logon&id=9831
[ERROR] [2025-12-01 15:00:00] 获取标的信息失败: 您当天的查询条数超过了每日最大查询限制：100.0万条；付费可增加流量权限，详情请联系聚宽JQData运营人员：
https://www.joinquant.com/help/api/doc?name=logon&id=9831
[ERROR] [2025-12-01 15:00:00] 获取标的信息失败: 您当天的查询条数超过了每日最大查询限制：100.0万条；付费可增加流量权限，详情请联系聚宽JQData运营人员：
https://www.joinquant.com/help/api/doc?name=logon&id=9831
[ERROR] [2025-12-01 15:00:00] 获取标的信息失败: 您当天的查询条数超过了每日最大查询限制：100.0万条；付费可增加流量权限，详情请联系聚宽JQData运营人员：
https://www.joinquant.com/help/api/doc?name=logon&id=9831
2026-05-30 09:29:19 [INFO] 日志将同时输出到文件: backtest_results/backtest.log (级别: INFO)
2026-05-30 09:29:19 [INFO] ============================================================
2026-05-30 09:29:19 [INFO] 开始回测: 2025-02-20 至 2025-12-01
2026-05-30 09:29:19 [INFO] 初始资金: 100,000.00
2026-05-30 09:29:19 [INFO] 回测频率: day
2026-05-30 09:29:19 [INFO] 日志文件: backtest_results/backtest.log
2026-05-30 09:29:19 [INFO] ============================================================
2026-05-30 09:29:19 [INFO] 加载策略文件: src/learning01/main.py
2026-05-30 09:29:19 [INFO] 策略文件加载成功
2026-05-30 09:29:19 [INFO] 调用策略初始化函数...
2026-05-30 09:29:19 [INFO] 策略初始化完成
2026-05-30 09:32:53 [INFO] 日志将同时输出到文件: backtest_results/backtest.log (级别: INFO)
2026-05-30 09:32:53 [INFO] ============================================================
2026-05-30 09:32:53 [INFO] 开始回测: 2025-01-01 至 2025-06-01
2026-05-30 09:32:53 [INFO] 初始资金: 100,000.00
2026-05-30 09:32:53 [INFO] 回测频率: day
2026-05-30 09:32:53 [INFO] 日志文件: backtest_results/backtest.log
2026-05-30 09:32:53 [INFO] ============================================================
2026-05-30 09:32:53 [INFO] 加载策略文件: src/learning01/main.py
2026-05-30 09:32:54 [ERROR] 加载策略失败: Cannot save file into a non-existent directory: 'D:'
2026-05-30 09:34:07 [INFO] 日志将同时输出到文件: backtest_results/backtest.log (级别: INFO)
2026-05-30 09:34:07 [INFO] ============================================================
2026-05-30 09:34:07 [INFO] 开始回测: 2025-01-01 至 2025-06-01
2026-05-30 09:34:07 [INFO] 初始资金: 100,000.00
2026-05-30 09:34:07 [INFO] 回测频率: day
2026-05-30 09:34:07 [INFO] 日志文件: backtest_results/backtest.log
2026-05-30 09:34:07 [INFO] ============================================================
2026-05-30 09:34:07 [INFO] 加载策略文件: src/learning01/main.py
2026-05-30 09:34:07 [ERROR] 加载策略失败: Cannot save file into a non-existent directory: 'D:'
2026-05-30 09:34:36 [INFO] 日志将同时输出到文件: backtest_results/backtest.log (级别: INFO)
2026-05-30 09:34:36 [INFO] ============================================================
2026-05-30 09:34:36 [INFO] 开始回测: 2025-01-01 至 2025-06-01
2026-05-30 09:34:36 [INFO] 初始资金: 100,000.00
2026-05-30 09:34:36 [INFO] 回测频率: day
2026-05-30 09:34:36 [INFO] 日志文件: backtest_results/backtest.log
2026-05-30 09:34:36 [INFO] ============================================================
2026-05-30 09:34:36 [INFO] 加载策略文件: src/learning01/main.py
2026-05-30 09:34:36 [INFO] 策略文件加载成功
2026-05-30 09:37:15 [INFO] 日志将同时输出到文件: backtest_results/backtest.log (级别: INFO)
2026-05-30 09:37:15 [INFO] ============================================================
2026-05-30 09:37:15 [INFO] 开始回测: 2025-01-01 至 2025-06-01
2026-05-30 09:37:15 [INFO] 初始资金: 100,000.00
2026-05-30 09:37:15 [INFO] 回测频率: day
2026-05-30 09:37:15 [INFO] 日志文件: backtest_results/backtest.log
2026-05-30 09:37:15 [INFO] ============================================================
2026-05-30 09:37:15 [INFO] 加载策略文件: src/learning01/main.py
2026-05-30 09:37:15 [INFO] 策略文件加载成功
2026-05-30 09:37:15 [INFO] 调用策略初始化函数...
2026-05-30 09:37:15 [ERROR] 策略初始化失败: name 'schedule_function' is not defined
2026-05-30 09:37:15 [ERROR] Traceback (most recent call last):
  File "/home/jtb/QD/Quantitative-trading/.venv/lib/python3.10/site-packages/bullet_trade/core/engine.py", line 680, in _run_impl
    self.initialize_func(self.context)
  File "/home/jtb/QD/Quantitative-trading/src/learning01/main.py", line 8, in initialize
    schedule_function(trade, date_rules.every_day(), time_rules.market_open(minutes=5))
NameError: name 'schedule_function' is not defined

2026-05-30 09:37:40 [INFO] 日志将同时输出到文件: backtest_results/backtest.log (级别: INFO)
2026-05-30 09:37:40 [INFO] ============================================================
2026-05-30 09:37:40 [INFO] 开始回测: 2025-01-01 至 2025-06-01
2026-05-30 09:37:40 [INFO] 初始资金: 100,000.00
2026-05-30 09:37:40 [INFO] 回测频率: day
2026-05-30 09:37:40 [INFO] 日志文件: backtest_results/backtest.log
2026-05-30 09:37:40 [INFO] ============================================================
2026-05-30 09:37:40 [INFO] 加载策略文件: src/learning01/main.py
2026-05-30 09:37:40 [INFO] 策略文件加载成功
2026-05-30 09:37:40 [INFO] 调用策略初始化函数...
2026-05-30 09:37:40 [ERROR] 策略初始化失败: name 'schedule_function' is not defined
2026-05-30 09:37:40 [ERROR] Traceback (most recent call last):
  File "/home/jtb/QD/Quantitative-trading/.venv/lib/python3.10/site-packages/bullet_trade/core/engine.py", line 680, in _run_impl
    self.initialize_func(self.context)
  File "/home/jtb/QD/Quantitative-trading/src/learning01/main.py", line 8, in initialize
    schedule_function(trade, date_rules.every_day(), time_rules.market_open(minutes=5))
NameError: name 'schedule_function' is not defined

2026-05-30 09:38:30 [INFO] 日志将同时输出到文件: backtest_results/backtest.log (级别: INFO)
2026-05-30 09:38:30 [INFO] ============================================================
2026-05-30 09:38:30 [INFO] 开始回测: 2025-01-01 至 2025-06-01
2026-05-30 09:38:30 [INFO] 初始资金: 100,000.00
2026-05-30 09:38:30 [INFO] 回测频率: day
2026-05-30 09:38:30 [INFO] 日志文件: backtest_results/backtest.log
2026-05-30 09:38:30 [INFO] ============================================================
2026-05-30 09:38:30 [INFO] 加载策略文件: src/learning01/main.py
2026-05-30 09:38:30 [INFO] 策略文件加载成功
2026-05-30 09:38:30 [INFO] 调用策略初始化函数...
2026-05-30 09:38:30 [ERROR] 策略初始化失败: username is required
2026-05-30 09:38:30 [ERROR] Traceback (most recent call last):
  File "/home/jtb/QD/Quantitative-trading/.venv/lib/python3.10/site-packages/bullet_trade/core/engine.py", line 680, in _run_impl
    self.initialize_func(self.context)
  File "/home/jtb/QD/Quantitative-trading/src/learning01/main.py", line 10, in initialize
    auth(os.getenv('JQDATA_USER'), os.getenv('JQDATA_PWD'))
  File "/home/jtb/QD/Quantitative-trading/.venv/lib/python3.10/site-packages/jqdatasdk/__init__.py", line 15, in auth
    JQDataClient.set_auth_params(
  File "/home/jtb/QD/Quantitative-trading/.venv/lib/python3.10/site-packages/jqdatasdk/client.py", line 193, in set_auth_params
    cls.instance().ensure_auth()
  File "/home/jtb/QD/Quantitative-trading/.venv/lib/python3.10/site-packages/jqdatasdk/client.py", line 110, in instance
    _instance = cls(**cls._auth_params)
  File "/home/jtb/QD/Quantitative-trading/.venv/lib/python3.10/site-packages/jqdatasdk/client.py", line 123, in __init__
    assert self.username or self.token, "username is required"
AssertionError: username is required

2026-05-30 09:38:38 [INFO] 日志将同时输出到文件: backtest_results/backtest.log (级别: INFO)
2026-05-30 09:38:38 [INFO] ============================================================
2026-05-30 09:38:38 [INFO] 开始回测: 2025-01-01 至 2025-06-01
2026-05-30 09:38:38 [INFO] 初始资金: 100,000.00
2026-05-30 09:38:38 [INFO] 回测频率: day
2026-05-30 09:38:38 [INFO] 日志文件: backtest_results/backtest.log
2026-05-30 09:38:38 [INFO] ============================================================
2026-05-30 09:38:38 [INFO] 加载策略文件: src/learning01/main.py
2026-05-30 09:38:38 [INFO] 策略文件加载成功
2026-05-30 09:38:38 [INFO] 调用策略初始化函数...
2026-05-30 09:38:38 [ERROR] 策略初始化失败: username is required
2026-05-30 09:38:38 [ERROR] Traceback (most recent call last):
  File "/home/jtb/QD/Quantitative-trading/.venv/lib/python3.10/site-packages/bullet_trade/core/engine.py", line 680, in _run_impl
    self.initialize_func(self.context)
  File "/home/jtb/QD/Quantitative-trading/src/learning01/main.py", line 10, in initialize
    auth(os.getenv('JQDATA_USER'), os.getenv('JQDATA_PWD'))
  File "/home/jtb/QD/Quantitative-trading/.venv/lib/python3.10/site-packages/jqdatasdk/__init__.py", line 15, in auth
    JQDataClient.set_auth_params(
  File "/home/jtb/QD/Quantitative-trading/.venv/lib/python3.10/site-packages/jqdatasdk/client.py", line 193, in set_auth_params
    cls.instance().ensure_auth()
  File "/home/jtb/QD/Quantitative-trading/.venv/lib/python3.10/site-packages/jqdatasdk/client.py", line 110, in instance
    _instance = cls(**cls._auth_params)
  File "/home/jtb/QD/Quantitative-trading/.venv/lib/python3.10/site-packages/jqdatasdk/client.py", line 123, in __init__
    assert self.username or self.token, "username is required"
AssertionError: username is required

2026-05-30 09:39:28 [INFO] 日志将同时输出到文件: backtest_results/backtest.log (级别: INFO)
2026-05-30 09:39:28 [INFO] ============================================================
2026-05-30 09:39:28 [INFO] 开始回测: 2025-01-01 至 2025-06-01
2026-05-30 09:39:28 [INFO] 初始资金: 100,000.00
2026-05-30 09:39:28 [INFO] 回测频率: day
2026-05-30 09:39:28 [INFO] 日志文件: backtest_results/backtest.log
2026-05-30 09:39:28 [INFO] ============================================================
2026-05-30 09:39:28 [INFO] 加载策略文件: src/learning01/main.py
2026-05-30 09:39:28 [INFO] 策略文件加载成功
2026-05-30 09:39:28 [INFO] 调用策略初始化函数...
2026-05-30 09:39:28 [ERROR] 策略初始化失败: JQDATA_USER or JQDATA_PWD not set in .env
2026-05-30 09:39:28 [ERROR] Traceback (most recent call last):
  File "/home/jtb/QD/Quantitative-trading/.venv/lib/python3.10/site-packages/bullet_trade/core/engine.py", line 680, in _run_impl
    self.initialize_func(self.context)
  File "/home/jtb/QD/Quantitative-trading/src/learning01/main.py", line 15, in initialize
    raise Exception("JQDATA_USER or JQDATA_PWD not set in .env")
Exception: JQDATA_USER or JQDATA_PWD not set in .env

2026-05-30 09:49:07 [INFO] 日志将同时输出到文件: backtest_results/backtest.log (级别: INFO)
2026-05-30 09:49:07 [INFO] ============================================================
2026-05-30 09:49:07 [INFO] 开始回测: 2025-01-01 至 2025-06-01
2026-05-30 09:49:07 [INFO] 初始资金: 100,000.00
2026-05-30 09:49:07 [INFO] 回测频率: day
2026-05-30 09:49:07 [INFO] 日志文件: backtest_results/backtest.log
2026-05-30 09:49:07 [INFO] ============================================================
2026-05-30 09:49:07 [INFO] 加载策略文件: src/learning01/main.py
2026-05-30 09:49:07 [INFO] 策略文件加载成功
2026-05-30 09:49:07 [INFO] 调用策略初始化函数...
2026-05-30 09:49:07 [ERROR] 策略初始化失败: name 'schedule_function' is not defined
2026-05-30 09:49:07 [ERROR] Traceback (most recent call last):
  File "/home/jtb/QD/Quantitative-trading/.venv/lib/python3.10/site-packages/bullet_trade/core/engine.py", line 680, in _run_impl
    self.initialize_func(self.context)
  File "/home/jtb/QD/Quantitative-trading/src/learning01/main.py", line 10, in initialize
    schedule_function(trade, date_rules.every_day(), time_rules.market_open(minutes=5))
NameError: name 'schedule_function' is not defined

2026-05-30 09:49:56 [INFO] 日志将同时输出到文件: backtest_results/backtest.log (级别: INFO)
2026-05-30 09:49:56 [INFO] ============================================================
2026-05-30 09:49:56 [INFO] 开始回测: 2025-01-01 至 2025-06-01
2026-05-30 09:49:56 [INFO] 初始资金: 100,000.00
2026-05-30 09:49:56 [INFO] 回测频率: day
2026-05-30 09:49:56 [INFO] 日志文件: backtest_results/backtest.log
2026-05-30 09:49:56 [INFO] ============================================================
2026-05-30 09:49:56 [INFO] 加载策略文件: src/learning01/main.py
2026-05-30 09:49:56 [INFO] 策略文件加载成功
2026-05-30 09:49:56 [INFO] 调用策略初始化函数...
2026-05-30 09:49:56 [ERROR] 策略初始化失败: name 'schedule_function' is not defined
2026-05-30 09:49:56 [ERROR] Traceback (most recent call last):
  File "/home/jtb/QD/Quantitative-trading/.venv/lib/python3.10/site-packages/bullet_trade/core/engine.py", line 680, in _run_impl
    self.initialize_func(self.context)
  File "/home/jtb/QD/Quantitative-trading/src/learning01/main.py", line 11, in initialize
    schedule_function(trade, date_rules.every_day(), time_rules.market_open(minutes=5))
NameError: name 'schedule_function' is not defined

2026-05-30 10:02:26 [INFO] 日志将同时输出到文件: backtest_results/backtest.log (级别: INFO)
2026-05-30 10:02:26 [INFO] ============================================================
2026-05-30 10:02:26 [INFO] 开始回测: 2025-01-01 至 2025-06-01
2026-05-30 10:02:26 [INFO] 初始资金: 100,000.00
2026-05-30 10:02:26 [INFO] 回测频率: day
2026-05-30 10:02:26 [INFO] 日志文件: backtest_results/backtest.log
2026-05-30 10:02:26 [INFO] ============================================================
2026-05-30 10:02:26 [INFO] 加载策略文件: src/learning01/main.py
2026-05-30 10:02:26 [INFO] 策略文件加载成功
2026-05-30 10:02:26 [INFO] 调用策略初始化函数...
2026-05-30 10:02:26 [ERROR] 策略初始化失败: name 'schedule_function' is not defined
2026-05-30 10:02:26 [ERROR] Traceback (most recent call last):
  File "/home/jtb/QD/Quantitative-trading/.venv/lib/python3.10/site-packages/bullet_trade/core/engine.py", line 680, in _run_impl
    self.initialize_func(self.context)
  File "/home/jtb/QD/Quantitative-trading/src/learning01/main.py", line 11, in initialize
    schedule_function(trade, date_rules.every_day(), time_rules.market_open(minutes=5))
NameError: name 'schedule_function' is not defined

2026-05-30 10:18:03 [INFO] 日志将同时输出到文件: backtest_results/backtest.log (级别: INFO)
2026-05-30 10:18:03 [INFO] ============================================================
2026-05-30 10:18:03 [INFO] 开始回测: 2025-01-01 至 2025-06-01
2026-05-30 10:18:03 [INFO] 初始资金: 100,000.00
2026-05-30 10:18:03 [INFO] 回测频率: day
2026-05-30 10:18:03 [INFO] 日志文件: backtest_results/backtest.log
2026-05-30 10:18:03 [INFO] ============================================================
2026-05-30 10:18:03 [INFO] 加载策略文件: src/learning01/main.py
2026-05-30 10:18:03 [INFO] 策略文件加载成功
2026-05-30 10:18:03 [INFO] 调用策略初始化函数...
2026-05-30 10:18:03 [ERROR] 策略初始化失败: name 'schedule_function' is not defined
2026-05-30 10:18:03 [ERROR] Traceback (most recent call last):
  File "/home/jtb/QD/Quantitative-trading/.venv/lib/python3.10/site-packages/bullet_trade/core/engine.py", line 680, in _run_impl
    self.initialize_func(self.context)
  File "/home/jtb/QD/Quantitative-trading/src/learning01/main.py", line 11, in initialize
    schedule_function(trade, date_rules.every_day(), time_rules.market_open(minutes=5))
NameError: name 'schedule_function' is not defined

2026-05-30 10:18:48 [INFO] 日志将同时输出到文件: backtest_results/backtest.log (级别: INFO)
2026-05-30 10:18:48 [INFO] ============================================================
2026-05-30 10:18:48 [INFO] 开始回测: 2025-01-01 至 2025-06-01
2026-05-30 10:18:48 [INFO] 初始资金: 100,000.00
2026-05-30 10:18:48 [INFO] 回测频率: day
2026-05-30 10:18:48 [INFO] 日志文件: backtest_results/backtest.log
2026-05-30 10:18:48 [INFO] ============================================================
2026-05-30 10:18:48 [INFO] 加载策略文件: src/learning01/main.py
2026-05-30 10:18:48 [INFO] 策略文件加载成功
2026-05-30 10:18:48 [INFO] 调用策略初始化函数...
2026-05-30 10:18:48 [INFO] 策略初始化完成
2026-05-30 10:29:39 [INFO] 日志将同时输出到文件: backtest_results/backtest.log (级别: INFO)
2026-05-30 10:29:39 [INFO] ============================================================
2026-05-30 10:29:39 [INFO] 开始回测: 2025-01-01 至 2025-06-01
2026-05-30 10:29:39 [INFO] 初始资金: 100,000.00
2026-05-30 10:29:39 [INFO] 回测频率: day
2026-05-30 10:29:39 [INFO] 日志文件: backtest_results/backtest.log
2026-05-30 10:29:39 [INFO] ============================================================
2026-05-30 10:29:39 [INFO] 加载策略文件: src/learning01/main.py
2026-05-30 10:29:39 [INFO] 策略文件加载成功
2026-05-30 10:29:39 [INFO] 调用策略初始化函数...
2026-05-30 10:29:39 [ERROR] 策略初始化失败: 请在项目根目录的 .env 文件中设置 JQDATA_USER 和 JQDATA_PWD
2026-05-30 10:29:39 [ERROR] Traceback (most recent call last):
  File "/home/jtb/QD/Quantitative-trading/.venv/lib/python3.10/site-packages/bullet_trade/core/engine.py", line 680, in _run_impl
    self.initialize_func(self.context)
  File "/home/jtb/QD/Quantitative-trading/src/learning01/main.py", line 16, in initialize
    raise Exception("请在项目根目录的 .env 文件中设置 JQDATA_USER 和 JQDATA_PWD")
Exception: 请在项目根目录的 .env 文件中设置 JQDATA_USER 和 JQDATA_PWD

